date,open,high,low,close,volume,turnover
2012-09-13,20057.0000,20179.0000,20040.0000,20041.0000,54163.00,0
2012-09-14,20500.0000,20679.0000,20481.0000,20646.0000,79585.00,0
2012-09-17,20685.0000,20750.0000,20632.0000,20714.0000,65988.00,0
2012-09-18,20684.0000,20750.0000,20605.0000,20633.0000,68950.00,0
2012-09-19,20652.0000,20936.0000,20652.0000,20884.0000,77569.00,0
2012-09-20,20830.0000,20874.0000,20589.0000,20635.0000,68330.00,0
2012-09-21,20740.0000,20851.0000,20700.0000,20715.0000,64282.00,0
2012-09-24,20614.0000,20814.0000,20508.0000,20738.0000,88925.00,0
2012-09-25,20766.0000,20803.0000,20682.0000,20742.0000,105893.00,0
2012-09-26,20520.0000,20594.0000,20503.0000,20540.0000,84087.00,0
2012-09-27,20431.0000,20725.0000,20426.0000,20688.0000,16339.00,0
2012-09-28,20786.0000,20887.0000,20681.0000,20875.0000,64060.00,0
2012-10-08,20976.0000,20994.0000,20767.0000,20782.0000,50966.00,0
2012-10-09,20897.0000,21096.0000,20876.0000,20940.0000,67659.00,0
2012-10-10,20759.0000,20924.0000,20705.0000,20912.0000,55230.00,0
2012-10-11,20730.0000,20995.0000,20725.0000,20958.0000,67133.00,0
2012-10-12,20947.0000,21224.0000,20933.0000,21096.0000,68914.00,0
2012-10-15,21096.0000,21160.0000,21039.0000,21107.0000,47551.00,0
2012-10-16,21184.0000,21291.0000,21091.0000,21197.0000,52421.00,0
2012-10-17,21392.0000,21431.0000,21332.0000,21393.0000,52094.00,0
2012-10-18,21493.0000,21593.0000,21456.0000,21545.0000,55390.00,0
2012-10-19,21510.0000,21565.0000,21490.0000,21558.0000,41300.00,0
2012-10-24,21545.0000,21831.0000,21520.0000,21760.0000,98194.00,0
2012-10-25,21763.0000,21854.0000,21741.0000,21846.0000,87997.00,0
2012-10-26,21805.0000,21846.0000,21516.0000,21530.0000,122690.00,0
2012-10-29,21509.0000,21585.0000,21425.0000,21525.0000,87951.00,0
2012-10-30,21530.0000,21628.0000,21418.0000,21440.0000,11462.00,0
2012-10-31,21549.0000,21685.0000,21501.0000,21674.0000,48452.00,0
2012-11-01,21589.0000,21872.0000,21476.0000,21858.0000,77208.00,0
2012-11-02,22035.0000,22166.0000,22009.0000,22110.0000,61507.00,0
2012-11-05,22077.0000,22170.0000,22012.0000,22050.0000,50083.00,0
2012-11-06,21994.0000,22042.0000,21858.0000,21955.0000,63317.00,0
2012-11-07,22001.0000,22148.0000,21816.0000,22125.0000,80827.00,0
2012-11-08,21790.0000,21871.0000,21525.0000,21550.0000,85055.00,0
2012-11-09,21470.0000,21499.0000,21295.0000,21314.0000,84208.00,0
2012-11-12,21330.0000,21460.0000,21316.0000,21404.0000,54862.00,0
2012-11-13,21352.0000,21385.0000,21142.0000,21176.0000,64999.00,0
2012-11-14,21254.0000,21443.0000,21205.0000,21419.0000,61323.00,0
2012-11-15,21189.0000,21299.0000,21090.0000,21168.0000,70298.00,0
2012-11-16,21195.0000,21220.0000,21076.0000,21124.0000,50835.00,0
2012-11-19,21200.0000,21322.0000,21127.0000,21240.0000,65698.00,0
2012-11-20,21468.0000,21490.0000,21210.0000,21269.0000,62787.00,0
2012-11-21,21361.0000,21564.0000,21214.0000,21530.0000,91913.00,0
2012-11-22,21634.0000,21806.0000,21539.0000,21741.0000,83504.00,0
2012-11-23,21794.0000,21964.0000,21747.0000,21934.0000,74615.00,0
2012-11-26,22014.0000,22058.0000,21838.0000,21883.0000,89587.00,0
2012-11-27,21999.0000,22037.0000,21810.0000,21822.0000,131415.00,0
2012-11-28,21740.0000,21758.0000,21613.0000,21711.0000,85063.00,0
2012-11-29,21888.0000,21940.0000,21793.0000,21892.0000,11465.00,0
2012-11-30,21980.0000,22140.0000,21932.0000,22023.0000,63202.00,0
2012-12-03,22078.0000,22210.0000,21705.0000,21723.0000,76164.00,0
2012-12-04,21668.0000,21852.0000,21660.0000,21742.0000,67428.00,0
2012-12-05,21848.0000,22345.0000,21792.0000,22340.0000,92088.00,0
2012-12-06,22294.0000,22380.0000,22220.0000,22240.0000,60944.00,0
2012-12-07,22333.0000,22416.0000,22230.0000,22272.0000,65009.00,0
2012-12-10,22385.0000,22420.0000,22228.0000,22257.0000,56520.00,0
2012-12-11,22330.0000,22427.0000,22240.0000,22296.0000,54126.00,0
2012-12-12,22388.0000,22535.0000,22381.0000,22517.0000,56915.00,0
2012-12-13,22516.0000,22587.0000,22405.0000,22454.0000,49084.00,0
2012-12-14,22406.0000,22678.0000,22392.0000,22639.0000,64420.00,0
2012-12-17,22585.0000,22616.0000,22433.0000,22474.0000,60115.00,0
2012-12-18,22594.0000,22625.0000,22463.0000,22506.0000,62779.00,0
2012-12-19,22635.0000,22708.0000,22552.0000,22615.0000,74445.00,0
2012-12-20,22554.0000,22669.0000,22480.0000,22632.0000,91602.00,0
2012-12-21,22603.0000,22619.0000,22413.0000,22465.0000,112272.00,0
2012-12-24,22460.0000,22585.0000,22440.0000,22556.0000,44981.00,0
2012-12-27,22690.0000,22800.0000,22629.0000,22666.0000,60411.00,0
2012-12-28,22707.0000,22726.0000,22650.0000,22659.0000,9131.00,0
2012-12-31,22523.0000,22741.0000,22500.0000,22674.0000,29072.00,0
2013-01-02,22852.0000,23322.0000,22852.0000,23226.0000,61750.00,0
2013-01-03,23358.0000,23450.0000,23254.0000,23449.0000,59470.00,0
2013-01-04,23363.0000,23375.0000,23200.0000,23300.0000,54552.00,0
2013-01-07,23322.0000,23385.0000,23253.0000,23329.0000,51197.00,0
2013-01-08,23329.0000,23329.0000,23102.0000,23152.0000,64752.00,0
2013-01-09,23209.0000,23265.0000,23168.0000,23230.0000,45588.00,0
2013-01-10,23289.0000,23515.0000,23157.0000,23340.0000,68849.00,0
2013-01-11,23499.0000,23499.0000,23239.0000,23305.0000,58923.00,0
2013-01-14,23305.0000,23468.0000,23278.0000,23383.0000,52120.00,0
2013-01-15,23370.0000,23563.0000,23308.0000,23381.0000,66323.00,0
2013-01-16,23410.0000,23410.0000,23185.0000,23360.0000,67117.00,0
2013-01-17,23368.0000,23525.0000,23207.0000,23346.0000,73022.00,0
2013-01-18,23518.0000,23611.0000,23455.0000,23575.0000,70246.00,0
2013-01-21,23510.0000,23644.0000,23485.0000,23591.0000,50290.00,0
2013-01-22,23638.0000,23697.0000,23497.0000,23672.0000,63261.00,0
2013-01-23,23681.0000,23720.0000,23520.0000,23618.0000,57909.00,0
2013-01-24,23528.0000,23700.0000,23512.0000,23607.0000,82544.00,0
2013-01-25,23660.0000,23695.0000,23512.0000,23597.0000,101394.00,0
2013-01-28,23630.0000,23762.0000,23630.0000,23670.0000,110238.00,0
2013-01-29,23623.0000,23716.0000,23583.0000,23668.0000,76708.00,0
2013-01-30,23769.0000,23943.0000,23737.0000,23844.0000,15308.00,0
2013-01-31,23782.0000,23816.0000,23703.0000,23776.0000,48414.00,0
2013-02-01,23760.0000,23783.0000,23568.0000,23756.0000,65217.00,0
2013-02-04,23884.0000,23985.0000,23620.0000,23641.0000,67832.00,0
2013-02-05,23370.0000,23448.0000,23081.0000,23085.0000,94962.00,0
2013-02-06,23251.0000,23383.0000,23201.0000,23246.0000,64888.00,0
2013-02-07,23299.0000,23304.0000,23160.0000,23205.0000,51299.00,0
2013-02-08,23163.0000,23300.0000,23116.0000,23242.0000,46610.00,0
2013-02-14,23444.0000,23483.0000,23299.0000,23413.0000,46861.00,0
2013-02-15,23367.0000,23452.0000,23265.0000,23423.0000,33090.00,0
2013-02-18,23468.0000,23480.0000,23300.0000,23333.0000,43693.00,0
2013-02-19,23381.0000,23448.0000,23124.0000,23161.0000,63349.00,0
2013-02-20,23286.0000,23305.0000,23134.0000,23221.0000,59249.00,0
2013-02-21,23070.0000,23070.0000,22800.0000,22858.0000,85004.00,0
2013-02-22,22781.0000,22840.0000,22636.0000,22754.0000,90780.00,0
2013-02-25,22747.0000,22852.0000,22747.0000,22851.0000,106614.00,0
2013-02-26,22580.0000,22757.0000,22507.0000,22560.0000,114048.00,0
2013-02-27,22577.0000,22655.0000,22531.0000,22566.0000,15098.00,0
2013-02-28,22756.0000,23001.0000,22640.0000,22972.0000,74268.00,0
2013-03-01,22909.0000,22923.0000,22810.0000,22853.0000,51400.00,0
2013-03-04,22818.0000,22883.0000,22368.0000,22468.0000,75584.00,0
2013-03-05,22540.0000,22594.0000,22415.0000,22419.0000,59197.00,0
2013-03-06,22654.0000,22733.0000,22562.0000,22639.0000,54358.00,0
2013-03-07,22596.0000,22763.0000,22534.0000,22686.0000,64551.00,0
2013-03-08,22738.0000,23193.0000,22705.0000,23102.0000,83836.00,0
2013-03-11,23108.0000,23218.0000,23009.0000,23056.0000,54701.00,0
2013-03-12,23082.0000,23241.0000,22791.0000,22792.0000,70918.00,0
2013-03-13,22859.0000,22879.0000,22403.0000,22448.0000,75760.00,0
2013-03-14,22380.0000,22603.0000,22225.0000,22516.0000,77061.00,0
2013-03-15,22636.0000,22720.0000,22290.0000,22337.0000,83179.00,0
2013-03-18,22130.0000,22146.0000,21922.0000,22047.0000,76293.00,0
2013-03-19,22133.0000,22168.0000,21937.0000,21961.0000,73925.00,0
2013-03-20,21937.0000,22329.0000,21927.0000,22255.0000,85403.00,0
2013-03-21,22201.0000,22392.0000,22160.0000,22262.0000,78603.00,0
2013-03-22,22142.0000,22260.0000,22041.0000,22140.0000,77554.00,0
2013-03-25,22376.0000,22396.0000,22204.0000,22261.0000,115131.00,0
2013-03-26,22161.0000,22372.0000,22082.0000,22275.0000,109279.00,0
2013-03-27,22345.0000,22508.0000,22327.0000,22447.0000,18169.00,0
2013-03-28,22412.0000,22412.0000,22125.0000,22316.0000,76352.00,0
2013-04-02,22100.0000,22472.0000,22097.0000,22389.0000,64599.00,0
2013-04-03,22475.0000,22514.0000,22280.0000,22346.0000,56169.00,0
2013-04-05,22241.0000,22245.0000,21640.0000,21656.0000,96345.00,0
2013-04-08,21652.0000,21762.0000,21587.0000,21639.0000,61993.00,0
2013-04-09,21724.0000,21957.0000,21699.0000,21828.0000,66223.00,0
2013-04-10,21852.0000,22018.0000,21827.0000,21966.0000,59505.00,0
2013-04-11,22146.0000,22250.0000,22017.0000,22135.0000,66192.00,0
2013-04-12,22173.0000,22216.0000,21920.0000,21930.0000,56848.00,0
2013-04-15,22018.0000,22061.0000,21665.0000,21720.0000,80905.00,0
2013-04-16,21511.0000,21825.0000,21454.0000,21620.0000,82719.00,0
2013-04-17,21741.0000,21779.0000,21318.0000,21323.0000,72486.00,0
2013-04-18,21377.0000,21613.0000,21306.0000,21525.0000,110679.00,0
2013-04-19,21455.0000,22038.0000,21455.0000,21952.0000,89131.00,0
2013-04-22,21950.0000,22152.0000,21940.0000,21992.0000,74032.00,0
2013-04-23,22039.0000,22105.0000,21720.0000,22021.0000,97960.00,0
2013-04-24,22081.0000,22203.0000,21945.0000,22160.0000,93091.00,0
2013-04-25,22137.0000,22574.0000,22136.0000,22560.0000,128884.00,0
2013-04-26,22477.0000,22713.0000,22477.0000,22539.0000,109570.00,0
2013-04-30,22621.0000,22775.0000,22563.0000,22630.0000,52196.00,0
2013-05-02,22574.0000,22658.0000,22417.0000,22613.0000,60317.00,0
2013-05-03,22709.0000,22884.0000,22534.0000,22881.0000,63632.00,0
2013-05-06,22888.0000,22909.0000,22722.0000,22795.0000,59971.00,0
2013-05-07,22794.0000,23148.0000,22734.0000,23109.0000,58789.00,0
2013-05-08,23089.0000,23193.0000,23028.0000,23183.0000,58924.00,0
2013-05-09,23163.0000,23220.0000,23031.0000,23051.0000,49578.00,0
2013-05-10,23115.0000,23222.0000,23037.0000,23138.0000,56190.00,0
2013-05-13,23136.0000,23175.0000,22825.0000,22879.0000,59178.00,0
2013-05-14,22960.0000,23085.0000,22784.0000,22982.0000,61806.00,0
2013-05-15,22996.0000,23075.0000,22895.0000,22969.0000,57306.00,0
2013-05-16,23027.0000,23078.0000,22823.0000,23000.0000,70129.00,0
2013-05-20,23169.0000,23436.0000,23158.0000,23376.0000,65496.00,0
2013-05-21,23327.0000,23365.0000,23221.0000,23231.0000,52384.00,0
2013-05-22,23368.0000,23414.0000,23108.0000,23293.0000,46295.00,0
2013-05-23,23050.0000,23093.0000,22064.0000,22488.0000,129078.00,0
2013-05-24,22669.0000,22746.0000,22389.0000,22430.0000,87135.00,0
2013-05-28,22718.0000,22988.0000,22594.0000,22953.0000,120710.00,0
2013-05-29,22829.0000,22854.0000,22405.0000,22415.0000,98283.00,0
2013-05-31,22297.0000,22318.0000,22058.0000,22083.0000,67229.00,0
2013-06-03,21989.0000,22338.0000,21927.0000,21971.0000,75856.00,0
2013-06-04,22046.0000,22114.0000,21913.0000,22007.0000,60663.00,0
2013-06-05,21920.0000,21939.0000,21666.0000,21675.0000,73700.00,0
2013-06-06,21695.0000,21742.0000,21400.0000,21446.0000,64684.00,0
2013-06-07,21570.0000,21628.0000,21290.0000,21525.0000,84059.00,0
2013-06-10,21420.0000,21532.0000,21261.0000,21340.0000,68682.00,0
2013-06-11,21333.0000,21444.0000,20960.0000,21027.0000,72602.00,0
2013-06-13,20930.0000,21060.0000,20531.0000,21038.0000,114814.00,0
2013-06-14,20980.0000,21058.0000,20753.0000,20757.0000,70409.00,0
2013-06-17,20877.0000,21275.0000,20873.0000,21221.0000,69348.00,0
2013-06-18,21060.0000,21188.0000,20936.0000,21173.0000,59665.00,0
2013-06-19,21190.0000,21200.0000,20836.0000,20980.0000,77249.00,0
2013-06-20,20767.0000,20767.0000,20003.0000,20084.0000,107875.00,0
2013-06-21,19890.0000,20338.0000,19874.0000,19951.0000,107270.00,0
2013-06-24,19890.0000,20074.0000,19556.0000,19559.0000,113092.00,0
2013-06-25,19797.0000,20105.0000,19394.0000,20027.0000,186324.00,0
2013-06-26,19935.0000,20458.0000,19863.0000,20400.0000,130781.00,0
2013-06-28,20588.0000,20806.0000,20452.0000,20658.0000,80817.00,0
2013-07-02,20733.0000,21022.0000,20577.0000,20669.0000,73891.00,0
2013-07-03,20551.0000,20568.0000,20082.0000,20218.0000,86782.00,0
2013-07-04,20348.0000,20638.0000,20270.0000,20631.0000,68127.00,0
2013-07-05,20620.0000,20866.0000,20438.0000,20480.0000,66694.00,0
2013-07-08,20640.0000,20700.0000,20160.0000,20667.0000,89539.00,0
2013-07-09,20640.0000,20770.0000,20513.0000,20717.0000,65076.00,0
2013-07-10,20776.0000,21057.0000,20578.0000,20849.0000,88885.00,0
2013-07-11,21100.0000,21513.0000,21099.0000,21420.0000,88702.00,0
2013-07-12,21517.0000,21528.0000,21200.0000,21205.0000,62546.00,0
2013-07-15,21252.0000,21399.0000,21171.0000,21290.0000,53914.00,0
2013-07-16,21221.0000,21373.0000,21150.0000,21325.0000,57527.00,0
2013-07-17,21287.0000,21516.0000,21225.0000,21429.0000,64679.00,0
2013-07-18,21420.0000,21460.0000,21244.0000,21442.0000,50467.00,0
2013-07-19,21399.0000,21420.0000,21139.0000,21373.0000,63572.00,0
2013-07-22,21523.0000,21534.0000,21260.0000,21435.0000,48333.00,0
2013-07-23,21516.0000,21981.0000,21478.0000,21880.0000,87635.00,0
2013-07-24,21859.0000,21995.0000,21812.0000,21880.0000,65821.00,0
2013-07-25,21855.0000,21965.0000,21800.0000,21845.0000,81645.00,0
2013-07-26,21938.0000,22038.0000,21785.0000,21811.0000,99542.00,0
2013-07-29,21881.0000,21947.0000,21746.0000,21826.0000,73607.00,0
2013-07-31,21906.0000,22047.0000,21780.0000,21882.0000,52214.00,0
2013-08-01,21950.0000,22197.0000,21933.0000,22150.0000,57024.00,0
2013-08-02,22271.0000,22300.0000,22110.0000,22255.0000,42894.00,0
2013-08-05,22280.0000,22281.0000,21955.0000,21984.0000,35735.00,0
2013-08-06,21962.0000,22050.0000,21713.0000,21714.0000,59492.00,0
2013-08-07,21650.0000,21836.0000,21512.0000,21558.0000,61359.00,0
2013-08-08,21606.0000,21759.0000,21558.0000,21589.0000,53076.00,0
2013-08-09,21671.0000,21839.0000,21618.0000,21805.0000,48377.00,0
2013-08-12,21791.0000,22268.0000,21662.0000,22251.0000,71927.00,0
2013-08-13,22355.0000,22587.0000,22284.0000,22437.0000,70824.00,0
2013-08-14,22549.0000,22549.0000,22549.0000,22549.0000,0.00,0
2013-08-15,22467.0000,22679.0000,22283.0000,22326.0000,60436.00,0
2013-08-16,22420.0000,22644.0000,22266.0000,22502.0000,82145.00,0
2013-08-19,22360.0000,22532.0000,22345.0000,22397.0000,44235.00,0
2013-08-20,22315.0000,22460.0000,21850.0000,21980.0000,84758.00,0
2013-08-21,21952.0000,21990.0000,21569.0000,21639.0000,85040.00,0
2013-08-22,21475.0000,21987.0000,21450.0000,21961.0000,72957.00,0
2013-08-23,21959.0000,22058.0000,21713.0000,21902.0000,77900.00,0
2013-08-26,21941.0000,22118.0000,21851.0000,22049.0000,85840.00,0
2013-08-27,21930.0000,22000.0000,21630.0000,21664.0000,115681.00,0
2013-08-28,21600.0000,21670.0000,21405.0000,21528.0000,99800.00,0
2013-08-30,21520.0000,21646.0000,21408.0000,21442.0000,52207.00,0
2013-09-02,21650.0000,22192.0000,21650.0000,22163.0000,70280.00,0
2013-09-03,22195.0000,22408.0000,22171.0000,22202.0000,65780.00,0
2013-09-04,22133.0000,22387.0000,22065.0000,22380.0000,65939.00,0
2013-09-05,22456.0000,22710.0000,22430.0000,22606.0000,78642.00,0
2013-09-06,22600.0000,22880.0000,22559.0000,22823.0000,64002.00,0
2013-09-09,22850.0000,22912.0000,22683.0000,22842.0000,53615.00,0
2013-09-10,22965.0000,23140.0000,22838.0000,23123.0000,58356.00,0
2013-09-11,23070.0000,23138.0000,22870.0000,22933.0000,59894.00,0
2013-09-12,22996.0000,23080.0000,22927.0000,22967.0000,52235.00,0
2013-09-13,22933.0000,22992.0000,22822.0000,22961.0000,54086.00,0
2013-09-16,23239.0000,23373.0000,23206.0000,23324.0000,57284.00,0
2013-09-17,23250.0000,23287.0000,23148.0000,23216.0000,54041.00,0
2013-09-18,23295.0000,23299.0000,23095.0000,23162.0000,52187.00,0
2013-09-19,23568.0000,23620.0000,23500.0000,23518.0000,52905.00,0
2013-09-23,23420.0000,23509.0000,23289.0000,23305.0000,50099.00,0
2013-09-24,23292.0000,23355.0000,23090.0000,23243.0000,97316.00,0
2013-09-25,23228.0000,23286.0000,23107.0000,23170.0000,89781.00,0
2013-09-26,23123.0000,23254.0000,23045.0000,23153.0000,78643.00,0
2013-09-30,22984.0000,23013.0000,22742.0000,22835.0000,45135.00,0
2013-10-02,22949.0000,23148.0000,22905.0000,23022.0000,52323.00,0
2013-10-03,23093.0000,23254.0000,23062.0000,23127.0000,41660.00,0
2013-10-04,23023.0000,23248.0000,22971.0000,23200.0000,43667.00,0
2013-10-07,23166.0000,23166.0000,22861.0000,23039.0000,48379.00,0
2013-10-08,22875.0000,23224.0000,22860.0000,23093.0000,59236.00,0
2013-10-09,22983.0000,23060.0000,22928.0000,22941.0000,39492.00,0
2013-10-10,23039.0000,23176.0000,22684.0000,23156.0000,60739.00,0
2013-10-11,23300.0000,23386.0000,23201.0000,23299.0000,55139.00,0
2013-10-15,23482.0000,23490.0000,23256.0000,23335.0000,38012.00,0
2013-10-16,23397.0000,23397.0000,23080.0000,23317.0000,52617.00,0
2013-10-17,23351.0000,23380.0000,22940.0000,23104.0000,54179.00,0
2013-10-18,23245.0000,23407.0000,23161.0000,23344.0000,56772.00,0
2013-10-21,23454.0000,23530.0000,23331.0000,23394.0000,54380.00,0
2013-10-22,23324.0000,23552.0000,23248.0000,23469.0000,51574.00,0
2013-10-23,23450.0000,23530.0000,22875.0000,22909.0000,99270.00,0
2013-10-24,22941.0000,22960.0000,22721.0000,22745.0000,92085.00,0
2013-10-25,22710.0000,22822.0000,22610.0000,22719.0000,89380.00,0
2013-10-28,22750.0000,22849.0000,22721.0000,22743.0000,85958.00,0
2013-10-29,22720.0000,22998.0000,22720.0000,22911.0000,103909.00,0
2013-10-31,23180.0000,23283.0000,23111.0000,23177.0000,48496.00,0
2013-11-01,23180.0000,23355.0000,23160.0000,23285.0000,47118.00,0
2013-11-04,23308.0000,23390.0000,23157.0000,23285.0000,49405.00,0
2013-11-05,23295.0000,23344.0000,22911.0000,22935.0000,65548.00,0
2013-11-06,23055.0000,23123.0000,22916.0000,23066.0000,50467.00,0
2013-11-07,23078.0000,23103.0000,22770.0000,22860.0000,56500.00,0
2013-11-08,22679.0000,22790.0000,22623.0000,22635.0000,48086.00,0
2013-11-11,22773.0000,23149.0000,22674.0000,23030.0000,64458.00,0
2013-11-12,23024.0000,23104.0000,22823.0000,22850.0000,64147.00,0
2013-11-13,22773.0000,22773.0000,22390.0000,22466.0000,69840.00,0
2013-11-14,22606.0000,22654.0000,22485.0000,22553.0000,51268.00,0
2013-11-15,22653.0000,23287.0000,22653.0000,23281.0000,71501.00,0
2013-11-18,23376.0000,23943.0000,23356.0000,23875.0000,96762.00,0
2013-11-19,23722.0000,23908.0000,23656.0000,23799.0000,65478.00,0
2013-11-20,23794.0000,23877.0000,23696.0000,23768.0000,48201.00,0
2013-11-21,23709.0000,23735.0000,23523.0000,23651.0000,57779.00,0
2013-11-22,23737.0000,23795.0000,23668.0000,23738.0000,50608.00,0
2013-11-25,23959.0000,23960.0000,23697.0000,23713.0000,73626.00,0
2013-11-26,23690.0000,23778.0000,23627.0000,23645.0000,96304.00,0
2013-11-27,23664.0000,23874.0000,23637.0000,23814.0000,55837.00,0
2013-11-29,23878.0000,24000.0000,23829.0000,23999.0000,33350.00,0
2013-12-02,23927.0000,24165.0000,23870.0000,24006.0000,57405.00,0
2013-12-03,23897.0000,24015.0000,23754.0000,23794.0000,45573.00,0
2013-12-04,23755.0000,23854.0000,23532.0000,23593.0000,63225.00,0
2013-12-05,23600.0000,23749.0000,23550.0000,23693.0000,45321.00,0
2013-12-06,23633.0000,23862.0000,23610.0000,23838.0000,44860.00,0
2013-12-09,24038.0000,24048.0000,23764.0000,23839.0000,43831.00,0
2013-12-10,23799.0000,23848.0000,23675.0000,23684.0000,36773.00,0
2013-12-11,23750.0000,23764.0000,23259.0000,23330.0000,70747.00,0
2013-12-12,23287.0000,23342.0000,23008.0000,23062.0000,54939.00,0
2013-12-13,23035.0000,23328.0000,22993.0000,23164.0000,53086.00,0
2013-12-16,23100.0000,23329.0000,22983.0000,23326.0000,55630.00,0
2013-12-17,23252.0000,23259.0000,23005.0000,23041.0000,43773.00,0
2013-12-20,22930.0000,22945.0000,22692.0000,22918.0000,79673.00,0
2013-12-23,22967.0000,22996.0000,22845.0000,22950.0000,85809.00,0
2013-12-27,23122.0000,23337.0000,23028.0000,23326.0000,48055.00,0
2013-12-31,23363.0000,23408.0000,23251.0000,23333.0000,19811.00,0
2014-01-02,23414.0000,23512.0000,23168.0000,23244.0000,45106.00,0
2014-01-03,23172.0000,23172.0000,22752.0000,22844.0000,66714.00,0
2014-01-06,22793.0000,22802.0000,22549.0000,22670.0000,49194.00,0
2014-01-07,22612.0000,22784.0000,22596.0000,22758.0000,43314.00,0
2014-01-08,22738.0000,23055.0000,22718.0000,22930.0000,60194.00,0
2014-01-09,22906.0000,23026.0000,22686.0000,22787.0000,50586.00,0
2014-01-10,22750.0000,22994.0000,22680.0000,22986.0000,54660.00,0
2014-01-13,23015.0000,23165.0000,22728.0000,22825.0000,57091.00,0
2014-01-14,22599.0000,22883.0000,22563.0000,22763.0000,50725.00,0
2014-01-15,22936.0000,23028.0000,22808.0000,22975.0000,44267.00,0
2014-01-16,23120.0000,23120.0000,22907.0000,22955.0000,40472.00,0
2014-01-17,22922.0000,23291.0000,22838.0000,23130.0000,75169.00,0
2014-01-20,23061.0000,23109.0000,22857.0000,22891.0000,55866.00,0
2014-01-21,23002.0000,23184.0000,22982.0000,23076.0000,54129.00,0
2014-01-22,22999.0000,23139.0000,22911.0000,23038.0000,54418.00,0
2014-01-23,23120.0000,23148.0000,22594.0000,22609.0000,85349.00,0
2014-01-24,22574.0000,22631.0000,22115.0000,22190.0000,98521.00,0
2014-01-27,22030.0000,22038.0000,21850.0000,22001.0000,124695.00,0
2014-01-28,21945.0000,22069.0000,21881.0000,21983.0000,72578.00,0
2014-01-30,21773.0000,22012.0000,21705.0000,22012.0000,34248.00,0
2014-02-04,21475.0000,21595.0000,21342.0000,21520.0000,65421.00,0
2014-02-05,21535.0000,21545.0000,21138.0000,21203.0000,64549.00,0
2014-02-06,21304.0000,21488.0000,21224.0000,21483.0000,50569.00,0
2014-02-07,21532.0000,21696.0000,21371.0000,21660.0000,64287.00,0
2014-02-10,21651.0000,21655.0000,21466.0000,21517.0000,47393.00,0
2014-02-11,21537.0000,21998.0000,21510.0000,21970.0000,61257.00,0
2014-02-12,22002.0000,22373.0000,21943.0000,22370.0000,65361.00,0
2014-02-13,22240.0000,22272.0000,22065.0000,22123.0000,50023.00,0
2014-02-14,22289.0000,22410.0000,22210.0000,22390.0000,49936.00,0
2014-02-17,22380.0000,22587.0000,22380.0000,22530.0000,44140.00,0
2014-02-18,22580.0000,22606.0000,22434.0000,22565.0000,41950.00,0
2014-02-19,22550.0000,22721.0000,22505.0000,22596.0000,48247.00,0
2014-02-20,22540.0000,22751.0000,22250.0000,22374.0000,70417.00,0
2014-02-21,22680.0000,22690.0000,22455.0000,22633.0000,55316.00,0
2014-02-24,22630.0000,22642.0000,22245.0000,22421.0000,74339.00,0
2014-02-25,22462.0000,22556.0000,22236.0000,22284.0000,111503.00,0
2014-02-26,22290.0000,22514.0000,22263.0000,22323.0000,65083.00,0
2014-02-28,22788.0000,22937.0000,22644.0000,22855.0000,60997.00,0
2014-03-03,22520.0000,22707.0000,22290.0000,22382.0000,62116.00,0
2014-03-04,22436.0000,22775.0000,22433.0000,22733.0000,63587.00,0
2014-03-05,22767.0000,22813.0000,22429.0000,22447.0000,53816.00,0
2014-03-06,22513.0000,22720.0000,22464.0000,22680.0000,51372.00,0
2014-03-07,22660.0000,22770.0000,22470.0000,22499.0000,50808.00,0
2014-03-10,22363.0000,22369.0000,22051.0000,22052.0000,56202.00,0
2014-03-11,22185.0000,22280.0000,22110.0000,22246.0000,40245.00,0
2014-03-12,22036.0000,22049.0000,21735.0000,21797.0000,60115.00,0
2014-03-13,21900.0000,22026.0000,21662.0000,21669.0000,62300.00,0
2014-03-14,21563.0000,21635.0000,21416.0000,21445.0000,62834.00,0
2014-03-17,21361.0000,21560.0000,21361.0000,21512.0000,48997.00,0
2014-03-18,21475.0000,21660.0000,21426.0000,21611.0000,51047.00,0
2014-03-19,21596.0000,21610.0000,21450.0000,21511.0000,48834.00,0
2014-03-20,21350.0000,21450.0000,21051.0000,21160.0000,77073.00,0
2014-03-21,21213.0000,21663.0000,21144.0000,21650.0000,68846.00,0
2014-03-24,21666.0000,21868.0000,21550.0000,21702.0000,76870.00,0
2014-03-25,21737.0000,21903.0000,21701.0000,21817.0000,80116.00,0
2014-03-26,21908.0000,22005.0000,21848.0000,21965.0000,93167.00,0
2014-03-27,21868.0000,21937.0000,21713.0000,21895.0000,72521.00,0
2014-03-31,22196.0000,22207.0000,22010.0000,22196.0000,45092.00,0
2014-04-01,22151.0000,22472.0000,22131.0000,22471.0000,57236.00,0
2014-04-02,22506.0000,22570.0000,22397.0000,22513.0000,49143.00,0
2014-04-03,22551.0000,22750.0000,22437.0000,22463.0000,52801.00,0
2014-04-04,22511.0000,22752.0000,22455.0000,22701.0000,44319.00,0
2014-04-07,22425.0000,22515.0000,22303.0000,22370.0000,43290.00,0
2014-04-08,22380.0000,22703.0000,22335.0000,22700.0000,58795.00,0
2014-04-09,22693.0000,22962.0000,22660.0000,22799.0000,63763.00,0
2014-04-10,22963.0000,23416.0000,22738.0000,23341.0000,98698.00,0
2014-04-11,23181.0000,23246.0000,22880.0000,22998.0000,65506.00,0
2014-04-14,22923.0000,23137.0000,22889.0000,23135.0000,47663.00,0
2014-04-15,23093.0000,23121.0000,22568.0000,22568.0000,61307.00,0
2014-04-16,22645.0000,22885.0000,22593.0000,22725.0000,60347.00,0
2014-04-17,22771.0000,22836.0000,22627.0000,22789.0000,35494.00,0
2014-04-22,22708.0000,22827.0000,22613.0000,22765.0000,48567.00,0
2014-04-23,22800.0000,22822.0000,22390.0000,22430.0000,58972.00,0
2014-04-24,22500.0000,22588.0000,22406.0000,22464.0000,57678.00,0
2014-04-25,22449.0000,22569.0000,22057.0000,22063.0000,112406.00,0
2014-04-28,22098.0000,22216.0000,22091.0000,22120.0000,70269.00,0
2014-04-30,22309.0000,22315.0000,21816.0000,21889.0000,59868.00,0
2014-05-02,21835.0000,22095.0000,21835.0000,22030.0000,37970.00,0
2014-05-05,22010.0000,22170.0000,21683.0000,21777.0000,56753.00,0
2014-05-07,21745.0000,21769.0000,21488.0000,21585.0000,52411.00,0
2014-05-08,21640.0000,21774.0000,21556.0000,21643.0000,46515.00,0
2014-05-09,21601.0000,21752.0000,21503.0000,21685.0000,45016.00,0
2014-05-12,21743.0000,22280.0000,21610.0000,22190.0000,84768.00,0
2014-05-13,22202.0000,22250.0000,22104.0000,22238.0000,38757.00,0
2014-05-14,22270.0000,22550.0000,22203.0000,22484.0000,52433.00,0
2014-05-15,22469.0000,22680.0000,22430.0000,22443.0000,52257.00,0
2014-05-16,22448.0000,22647.0000,22398.0000,22631.0000,42551.00,0
2014-05-19,22675.0000,22685.0000,22390.0000,22625.0000,47485.00,0
2014-05-20,22670.0000,22809.0000,22596.0000,22712.0000,51315.00,0
2014-05-21,22677.0000,22883.0000,22575.0000,22881.0000,55662.00,0
2014-05-22,22873.0000,23022.0000,22825.0000,22923.0000,56449.00,0
2014-05-23,22940.0000,22980.0000,22862.0000,22967.0000,47164.00,0
2014-05-27,22963.0000,22990.0000,22872.0000,22955.0000,77105.00,0
2014-05-28,22985.0000,23217.0000,22934.0000,23016.0000,69065.00,0
2014-05-30,22939.0000,23050.0000,22830.0000,23001.0000,53582.00,0
2014-06-03,23100.0000,23230.0000,22975.0000,23093.0000,48897.00,0
2014-06-04,23128.0000,23128.0000,22954.0000,22997.0000,35377.00,0
2014-06-05,23000.0000,23095.0000,22898.0000,23048.0000,37086.00,0
2014-06-06,23126.0000,23134.0000,22780.0000,22890.0000,54851.00,0
2014-06-09,22942.0000,23098.0000,22916.0000,23091.0000,38041.00,0
2014-06-10,23102.0000,23266.0000,22934.0000,23173.0000,56609.00,0
2014-06-11,23140.0000,23145.0000,23026.0000,23063.0000,35159.00,0
2014-06-12,23048.0000,23186.0000,22980.0000,23095.0000,34577.00,0
2014-06-13,23025.0000,23370.0000,22988.0000,23278.0000,53868.00,0
2014-06-16,23197.0000,23302.0000,23164.0000,23204.0000,32809.00,0
2014-06-17,23181.0000,23213.0000,23061.0000,23152.0000,35323.00,0
2014-06-18,23107.0000,23278.0000,23100.0000,23146.0000,39153.00,0
2014-06-19,23314.0000,23346.0000,23114.0000,23225.0000,43289.00,0
2014-06-20,23239.0000,23313.0000,23133.0000,23142.0000,44687.00,0
2014-06-23,23089.0000,23477.0000,22747.0000,22810.0000,106567.00,0
2014-06-24,22834.0000,22943.0000,22812.0000,22938.0000,84818.00,0
2014-06-25,22839.0000,22949.0000,22801.0000,22890.0000,80067.00,0
2014-06-26,22930.0000,23231.0000,22901.0000,23149.0000,62286.00,0
2014-06-30,23170.0000,23255.0000,22764.0000,23087.0000,52725.00,0
2014-07-02,23323.0000,23606.0000,23258.0000,23568.0000,63440.00,0
2014-07-03,23545.0000,23624.0000,23496.0000,23620.0000,38271.00,0
2014-07-04,23592.0000,23639.0000,23502.0000,23565.0000,25647.00,0
2014-07-07,23571.0000,23597.0000,23432.0000,23525.0000,31044.00,0
2014-07-08,23495.0000,23579.0000,23424.0000,23450.0000,27769.00,0
2014-07-09,23450.0000,23457.0000,23111.0000,23216.0000,50797.00,0
2014-07-10,23279.0000,23291.0000,22953.0000,23049.0000,30572.00,0
2014-07-11,23100.0000,23340.0000,23035.0000,23217.0000,45978.00,0
2014-07-14,23274.0000,23497.0000,23228.0000,23452.0000,42358.00,0
2014-07-15,23430.0000,23495.0000,23371.0000,23403.0000,30081.00,0
2014-07-16,23474.0000,23626.0000,23418.0000,23583.0000,39884.00,0
2014-07-17,23600.0000,23620.0000,23402.0000,23474.0000,40634.00,0
2014-07-18,23278.0000,23484.0000,23205.0000,23475.0000,52307.00,0
2014-07-21,23451.0000,23494.0000,23301.0000,23316.0000,31192.00,0
2014-07-22,23396.0000,23886.0000,23378.0000,23872.0000,72322.00,0
2014-07-23,23829.0000,24055.0000,23803.0000,24031.0000,60624.00,0
2014-07-24,24007.0000,24213.0000,23986.0000,24191.0000,61841.00,0
2014-07-25,24167.0000,24250.0000,24075.0000,24201.0000,82862.00,0
2014-07-28,24225.0000,24500.0000,24185.0000,24420.0000,115257.00,0
2014-07-29,24448.0000,24781.0000,24408.0000,24762.0000,65899.00,0
2014-07-31,24770.0000,24875.0000,24588.0000,24593.0000,56894.00,0
2014-08-01,24548.0000,24720.0000,24402.0000,24533.0000,66055.00,0
2014-08-04,24478.0000,24668.0000,24475.0000,24570.0000,50669.00,0
2014-08-05,24580.0000,24680.0000,24430.0000,24528.0000,50930.00,0
2014-08-06,24450.0000,24541.0000,24343.0000,24436.0000,52911.00,0
2014-08-07,24447.0000,24468.0000,24315.0000,24337.0000,46139.00,0
2014-08-08,24235.0000,24475.0000,24126.0000,24425.0000,69638.00,0
2014-08-11,24505.0000,24701.0000,24433.0000,24694.0000,43503.00,0
2014-08-12,24591.0000,24696.0000,24480.0000,24617.0000,45001.00,0
2014-08-13,24653.0000,24998.0000,24558.0000,24984.0000,59024.00,0
2014-08-14,24936.0000,24955.0000,24671.0000,24848.0000,56902.00,0
2014-08-15,24858.0000,24972.0000,24821.0000,24847.0000,44753.00,0
2014-08-18,24856.0000,24950.0000,24696.0000,24939.0000,49981.00,0
2014-08-19,24951.0000,25177.0000,24857.0000,25122.0000,58052.00,0
2014-08-20,25110.0000,25189.0000,25054.0000,25165.0000,36708.00,0
2014-08-21,25131.0000,25147.0000,24905.0000,25018.0000,56435.00,0
2014-08-22,25045.0000,25158.0000,25002.0000,25010.0000,51721.00,0
2014-08-25,25015.0000,25260.0000,24914.0000,25200.0000,92136.00,0
2014-08-26,25106.0000,25171.0000,25066.0000,25130.0000,97536.00,0
2014-08-27,25077.0000,25182.0000,24859.0000,24954.0000,65831.00,0
2014-08-29,24632.0000,24758.0000,24575.0000,24615.0000,44825.00,0
2014-09-01,24600.0000,24851.0000,24593.0000,24701.0000,41437.00,0
2014-09-02,24660.0000,24773.0000,24525.0000,24675.0000,51748.00,0
2014-09-03,24689.0000,25359.0000,24635.0000,25314.0000,75708.00,0
2014-09-04,25208.0000,25350.0000,25163.0000,25308.0000,54428.00,0
2014-09-05,25250.0000,25267.0000,25101.0000,25162.0000,42976.00,0
2014-09-08,25212.0000,25240.0000,24994.0000,25148.0000,33397.00,0
2014-09-10,24955.0000,24965.0000,24595.0000,24596.0000,61398.00,0
2014-09-11,24680.0000,24739.0000,24556.0000,24615.0000,45705.00,0
2014-09-12,24617.0000,24686.0000,24444.0000,24519.0000,43486.00,0
2014-09-15,24444.0000,24488.0000,24280.0000,24370.0000,47556.00,0
2014-09-16,24350.0000,24428.0000,24141.0000,24230.0000,37115.00,0
2014-09-17,24427.0000,24485.0000,24356.0000,24380.0000,49008.00,0
2014-09-18,24320.0000,24338.0000,24072.0000,24232.0000,59594.00,0
2014-09-19,24300.0000,24418.0000,24123.0000,24178.0000,59857.00,0
2014-09-22,24073.0000,24080.0000,23874.0000,23874.0000,57168.00,0
2014-09-23,23841.0000,24006.0000,23713.0000,23801.0000,75152.00,0
2014-09-24,23786.0000,23992.0000,23775.0000,23880.0000,98849.00,0
2014-09-25,24037.0000,24047.0000,23557.0000,23568.0000,96905.00,0
2014-09-26,23534.0000,23708.0000,23532.0000,23670.0000,62168.00,0
2014-09-30,23006.0000,23145.0000,22800.0000,22850.0000,79231.00,0
2014-10-03,22600.0000,23100.0000,22511.0000,22864.0000,86079.00,0
2014-10-06,22976.0000,23395.0000,22879.0000,23250.0000,69644.00,0
2014-10-07,23223.0000,23461.0000,23140.0000,23253.0000,69143.00,0
2014-10-08,23200.0000,23340.0000,23106.0000,23130.0000,55015.00,0
2014-10-09,23425.0000,23527.0000,23285.0000,23314.0000,58380.00,0
2014-10-10,23111.0000,23195.0000,22750.0000,22790.0000,59100.00,0
2014-10-13,22839.0000,23270.0000,22803.0000,23193.0000,68799.00,0
2014-10-14,23030.0000,23405.0000,22827.0000,23001.0000,75133.00,0
2014-10-15,23063.0000,23227.0000,22775.0000,22855.0000,61592.00,0
2014-10-16,22900.0000,23020.0000,22545.0000,22781.0000,68722.00,0
2014-10-17,22938.0000,23179.0000,22848.0000,23168.0000,67167.00,0
2014-10-20,23248.0000,23290.0000,22973.0000,23055.0000,53291.00,0
2014-10-21,23058.0000,23240.0000,22901.0000,23230.0000,68339.00,0
2014-10-22,23266.0000,23460.0000,23168.0000,23329.0000,65004.00,0
2014-10-23,23282.0000,23456.0000,23247.0000,23447.0000,49576.00,0
2014-10-24,23333.0000,23402.0000,23100.0000,23395.0000,64674.00,0
2014-10-27,23250.0000,23293.0000,22980.0000,23136.0000,79290.00,0
2014-10-28,23146.0000,23619.0000,23146.0000,23602.0000,117433.00,0
2014-10-29,23668.0000,23905.0000,23650.0000,23876.0000,74306.00,0
2014-10-31,23838.0000,24080.0000,23822.0000,24029.0000,58428.00,0
2014-11-03,24000.0000,24087.0000,23762.0000,23762.0000,41803.00,0
2014-11-04,23765.0000,24032.0000,23745.0000,23785.0000,51345.00,0
2014-11-05,23806.0000,23888.0000,23587.0000,23694.0000,48009.00,0
2014-11-06,23726.0000,23797.0000,23612.0000,23669.0000,37505.00,0
2014-11-07,23630.0000,23848.0000,23386.0000,23494.0000,80848.00,0
2014-11-10,24100.0000,24199.0000,23671.0000,23784.0000,69360.00,0
2014-11-11,23755.0000,23937.0000,23726.0000,23738.0000,49086.00,0
2014-11-12,23800.0000,24015.0000,23765.0000,23860.0000,46753.00,0
2014-11-13,23806.0000,24095.0000,23805.0000,23985.0000,53203.00,0
2014-11-14,23961.0000,24250.0000,23944.0000,24240.0000,41544.00,0
2014-11-17,24238.0000,24343.0000,23725.0000,23798.0000,73361.00,0
2014-11-18,23840.0000,23869.0000,23388.0000,23446.0000,61989.00,0
2014-11-19,23458.0000,23531.0000,23288.0000,23298.0000,49605.00,0
2014-11-20,23311.0000,23432.0000,23194.0000,23278.0000,51584.00,0
2014-11-21,23300.0000,23980.0000,23248.0000,23902.0000,57567.00,0
2014-11-24,23882.0000,23980.0000,23826.0000,23905.0000,81120.00,0
2014-11-25,23832.0000,23948.0000,23827.0000,23894.0000,88411.00,0
2014-11-26,23860.0000,24218.0000,23832.0000,24194.0000,72337.00,0
2014-11-28,24012.0000,24161.0000,23916.0000,23972.0000,45422.00,0
2014-12-01,23836.0000,23990.0000,23201.0000,23257.0000,78317.00,0
2014-12-02,23290.0000,23808.0000,23268.0000,23718.0000,74441.00,0
2014-12-03,23736.0000,23948.0000,23352.0000,23527.0000,75646.00,0
2014-12-04,23488.0000,23996.0000,23422.0000,23835.0000,74793.00,0
2014-12-05,23900.0000,24216.0000,23750.0000,24127.0000,94079.00,0
2014-12-08,24081.0000,24226.0000,23994.0000,24006.0000,51532.00,0
2014-12-09,23957.0000,23957.0000,23270.0000,23325.0000,84466.00,0
2014-12-10,23346.0000,23674.0000,23302.0000,23331.0000,65605.00,0
2014-12-11,23280.0000,23408.0000,23130.0000,23352.0000,65095.00,0
2014-12-12,23258.0000,23428.0000,23046.0000,23074.0000,48842.00,0
2014-12-15,22980.0000,23066.0000,22807.0000,22818.0000,54800.00,0
2014-12-16,22780.0000,22906.0000,22405.0000,22557.0000,67236.00,0
2014-12-17,22624.0000,22702.0000,22497.0000,22658.0000,58530.00,0
2014-12-18,22853.0000,23040.0000,22694.0000,23005.0000,63991.00,0
2014-12-19,23083.0000,23187.0000,23009.0000,23148.0000,59476.00,0
2014-12-22,23223.0000,23497.0000,23219.0000,23434.0000,81739.00,0
2014-12-23,23456.0000,23509.0000,23285.0000,23361.0000,72408.00,0
2014-12-24,23363.0000,23465.0000,23335.0000,23400.0000,33752.00,0
2014-12-29,23735.0000,23937.0000,23716.0000,23858.0000,62650.00,0
2014-12-31,23469.0000,23676.0000,23464.0000,23649.0000,17488.00,0
2015-01-02,23676.0000,23850.0000,23628.0000,23675.0000,30170.00,0
2015-01-05,23600.0000,24031.0000,23525.0000,23530.0000,57913.00,0
2015-01-06,23519.0000,23582.0000,23283.0000,23386.0000,63918.00,0
2015-01-07,23344.0000,23794.0000,23301.0000,23733.0000,64027.00,0
2015-01-08,23800.0000,23998.0000,23710.0000,23995.0000,47816.00,0
2015-01-09,24089.0000,24187.0000,23845.0000,23939.0000,62650.00,0
2015-01-12,24034.0000,24125.0000,23897.0000,23962.0000,48328.00,0
2015-01-13,23933.0000,24403.0000,23910.0000,24393.0000,52977.00,0
2015-01-14,24280.0000,24337.0000,24001.0000,24067.0000,61058.00,0
2015-01-15,24190.0000,24466.0000,24094.0000,24383.0000,55951.00,0
2015-01-16,24265.0000,24285.0000,23952.0000,24058.0000,53594.00,0
2015-01-19,24101.0000,24147.0000,23604.0000,23794.0000,76500.00,0
2015-01-20,23800.0000,24092.0000,23708.0000,23973.0000,56121.00,0
2015-01-21,24020.0000,24421.0000,23958.0000,24388.0000,65570.00,0
2015-01-22,24425.0000,24727.0000,24389.0000,24684.0000,54674.00,0
2015-01-23,24784.0000,24987.0000,24744.0000,24900.0000,62402.00,0
2015-01-26,24844.0000,24948.0000,24756.0000,24938.0000,73029.00,0
2015-01-27,24993.0000,25020.0000,24609.0000,24611.0000,98515.00,0
2015-01-28,24765.0000,25002.0000,24710.0000,24725.0000,70609.00,0
2015-01-30,24750.0000,24772.0000,24451.0000,24461.0000,50110.00,0
2015-02-02,24388.0000,24574.0000,24350.0000,24500.0000,45828.00,0
2015-02-03,24570.0000,24693.0000,24311.0000,24683.0000,59481.00,0
2015-02-04,24766.0000,25163.0000,24620.0000,25072.0000,55681.00,0
2015-02-05,24984.0000,25174.0000,24643.0000,24845.0000,52306.00,0
2015-02-06,24820.0000,24854.0000,24570.0000,24690.0000,39258.00,0
2015-02-09,24494.0000,24681.0000,24427.0000,24486.0000,47322.00,0
2015-02-10,24456.0000,24621.0000,24396.0000,24497.0000,39894.00,0
2015-02-11,24525.0000,24574.0000,24244.0000,24276.0000,56034.00,0
2015-02-12,24320.0000,24569.0000,24233.0000,24511.0000,48161.00,0
2015-02-13,24506.0000,24779.0000,24506.0000,24759.0000,44060.00,0
2015-02-16,24747.0000,24800.0000,24706.0000,24754.0000,24505.00,0
2015-02-17,24668.0000,24892.0000,24660.0000,24804.0000,38313.00,0
2015-02-18,24823.0000,24894.0000,24822.0000,24847.0000,15109.00,0
2015-02-23,24980.0000,24986.0000,24634.0000,24717.0000,73037.00,0
2015-02-24,24788.0000,24824.0000,24680.0000,24824.0000,86110.00,0
2015-02-25,24837.0000,24900.0000,24686.0000,24776.0000,61448.00,0
2015-02-26,24809.0000,24950.0000,24725.0000,24858.0000,7752.00,0
2015-02-27,24762.0000,25048.0000,24743.0000,24820.0000,51520.00,0
2015-03-02,24930.0000,24987.0000,24587.0000,24815.0000,58293.00,0
2015-03-03,24853.0000,24869.0000,24547.0000,24583.0000,51410.00,0
2015-03-04,24463.0000,24640.0000,24210.0000,24242.0000,52679.00,0
2015-03-05,24245.0000,24338.0000,24071.0000,24156.0000,56465.00,0
2015-03-06,24145.0000,24232.0000,23980.0000,23985.0000,39802.00,0
2015-03-09,23920.0000,24170.0000,23881.0000,24069.0000,48649.00,0
2015-03-10,24050.0000,24111.0000,23655.0000,23675.0000,49596.00,0
2015-03-11,23714.0000,23870.0000,23588.0000,23656.0000,46021.00,0
2015-03-12,23646.0000,23852.0000,23630.0000,23815.0000,46655.00,0
2015-03-13,23769.0000,23885.0000,23655.0000,23667.0000,37654.00,0
2015-03-16,23750.0000,23967.0000,23655.0000,23950.0000,43831.00,0
2015-03-17,23968.0000,24052.0000,23749.0000,23868.0000,48656.00,0
2015-03-18,23862.0000,24221.0000,23800.0000,24130.0000,57930.00,0
2015-03-19,24131.0000,24533.0000,24096.0000,24517.0000,55027.00,0
2015-03-20,24514.0000,24532.0000,24362.0000,24411.0000,45163.00,0
2015-03-23,24403.0000,24569.0000,24403.0000,24482.0000,47047.00,0
2015-03-24,24476.0000,24515.0000,24298.0000,24423.0000,56097.00,0
2015-03-25,24442.0000,24647.0000,24407.0000,24571.0000,83240.00,0
2015-03-26,24580.0000,24638.0000,24385.0000,24538.0000,51214.00,0
2015-03-27,24522.0000,24596.0000,24430.0000,24578.0000,39889.00,0
2015-03-30,24575.0000,24990.0000,24535.0000,24857.0000,65873.00,0
2015-03-31,24857.0000,25054.0000,24848.0000,24949.0000,50818.00,0
2015-04-01,24963.0000,25140.0000,24860.0000,25100.0000,46792.00,0
2015-04-02,25110.0000,25338.0000,25103.0000,25216.0000,43255.00,0
2015-04-08,25222.0000,26293.0000,25195.0000,26244.0000,82228.00,0
2015-04-09,26244.0000,27999.0000,26244.0000,27073.0000,124314.00,0
2015-04-10,27080.0000,27630.0000,26878.0000,27300.0000,84136.00,0
2015-04-13,27355.0000,28125.0000,27191.0000,28030.0000,84882.00,0
2015-04-14,28073.0000,28205.0000,27492.0000,27572.0000,76982.00,0
2015-04-15,27549.0000,27862.0000,27456.0000,27619.0000,75246.00,0
2015-04-16,27645.0000,27841.0000,27470.0000,27736.0000,53572.00,0
2015-04-17,27732.0000,27994.0000,27617.0000,27680.0000,57093.00,0
2015-04-20,27681.0000,27931.0000,26935.0000,27139.0000,94748.00,0
2015-04-21,27140.0000,27987.0000,27113.0000,27879.0000,75721.00,0
2015-04-22,27875.0000,28093.0000,27708.0000,27807.0000,71646.00,0
2015-04-23,27801.0000,28215.0000,27706.0000,27799.0000,83193.00,0
2015-04-24,27814.0000,28095.0000,27582.0000,28033.0000,91825.00,0
2015-04-27,28042.0000,28587.0000,28018.0000,28381.0000,64475.00,0
2015-04-28,28386.0000,28477.0000,28177.0000,28383.0000,57679.00,0
2015-04-29,28398.0000,28439.0000,28132.0000,28386.0000,52723.00,0
2015-04-30,28399.0000,28418.0000,27932.0000,28105.0000,63788.00,0
2015-05-04,28149.0000,28358.0000,27951.0000,28156.0000,50889.00,0
2015-05-05,28160.0000,28298.0000,27502.0000,27781.0000,75371.00,0
2015-05-06,27792.0000,28033.0000,27512.0000,27666.0000,67562.00,0
2015-05-07,27684.0000,27693.0000,27133.0000,27202.0000,57467.00,0
2015-05-08,27180.0000,27624.0000,27000.0000,27510.0000,57472.00,0
2015-05-11,27515.0000,27832.0000,27495.0000,27632.0000,48997.00,0
2015-05-12,27623.0000,27714.0000,27313.0000,27329.0000,47322.00,0
2015-05-13,27307.0000,27476.0000,27106.0000,27188.0000,55239.00,0
2015-05-14,27185.0000,27300.0000,27056.0000,27230.0000,47850.00,0
2015-05-15,27266.0000,27930.0000,27239.0000,27864.0000,69753.00,0
2015-05-18,27868.0000,27925.0000,27345.0000,27510.0000,56247.00,0
2015-05-19,27510.0000,27697.0000,27424.0000,27679.0000,50341.00,0
2015-05-20,27678.0000,27719.0000,27404.0000,27466.0000,53064.00,0
2015-05-21,27466.0000,27624.0000,27358.0000,27593.0000,53568.00,0
2015-05-22,27585.0000,28060.0000,27551.0000,27982.0000,88295.00,0
2015-05-26,27754.0000,28328.0000,27754.0000,28067.0000,75619.00,0
2015-05-27,28087.0000,28230.0000,27801.0000,27840.0000,62138.00,0
2015-05-28,27837.0000,27945.0000,26913.0000,27112.0000,91080.00,0
2015-05-29,27118.0000,27315.0000,26947.0000,27164.0000,64181.00,0
2015-06-01,27175.0000,27551.0000,26996.0000,27230.0000,62168.00,0
2015-06-02,27211.0000,27370.0000,27090.0000,27179.0000,57874.00,0
2015-06-03,27139.0000,27520.0000,27078.0000,27369.0000,55292.00,0
2015-06-04,27348.0000,27660.0000,26638.0000,27450.0000,105319.00,0
2015-06-05,27468.0000,27468.0000,26988.0000,27011.0000,60356.00,0
2015-06-08,27020.0000,27210.0000,26810.0000,27035.0000,51789.00,0
2015-06-09,27042.0000,27103.0000,26705.0000,26734.0000,56565.00,0
2015-06-10,26734.0000,26880.0000,26287.0000,26382.0000,68632.00,0
2015-06-11,26400.0000,26750.0000,26357.0000,26749.0000,47054.00,0
2015-06-12,26730.0000,27182.0000,26720.0000,27128.0000,50838.00,0
2015-06-15,27130.0000,27144.0000,26586.0000,26599.0000,47490.00,0
2015-06-16,26591.0000,26648.0000,26272.0000,26278.0000,55848.00,0
2015-06-17,26281.0000,26688.0000,26167.0000,26539.0000,58936.00,0
2015-06-18,26551.0000,26700.0000,26342.0000,26491.0000,51772.00,0
2015-06-19,26481.0000,26790.0000,26416.0000,26640.0000,60288.00,0
2015-06-22,26625.0000,26996.0000,26591.0000,26929.0000,36888.00,0
2015-06-23,26943.0000,27316.0000,26887.0000,27287.0000,87474.00,0
2015-06-24,27283.0000,27336.0000,27180.0000,27278.0000,72497.00,0
2015-06-25,27308.0000,27405.0000,27086.0000,27176.0000,59129.00,0
2015-06-26,27181.0000,27187.0000,26421.0000,26735.0000,66711.00,0
2015-06-29,26711.0000,26717.0000,25564.0000,25920.0000,103102.00,0
2015-06-30,25917.0000,26496.0000,25870.0000,26204.0000,72620.00,0
2015-07-02,26210.0000,26437.0000,26083.0000,26330.0000,56442.00,0
2015-07-03,26313.0000,26418.0000,25898.0000,26011.0000,64446.00,0
2015-07-06,26005.0000,26358.0000,24725.0000,25284.0000,108142.00,0
2015-07-07,25261.0000,25477.0000,24843.0000,25025.0000,81631.00,0
2015-07-08,25019.0000,25023.0000,22714.0000,23176.0000,142326.00,0
2015-07-09,23175.0000,24686.0000,23132.0000,24458.0000,116805.00,0
2015-07-10,24456.0000,24963.0000,24418.0000,24899.0000,76097.00,0
2015-07-13,24908.0000,25240.0000,24521.0000,25174.0000,74955.00,0
2015-07-14,25185.0000,25238.0000,24840.0000,25008.0000,57048.00,0
2015-07-15,25037.0000,25181.0000,24811.0000,25030.0000,53575.00,0
2015-07-16,25051.0000,25132.0000,24800.0000,25067.0000,47843.00,0
2015-07-17,25078.0000,25485.0000,25047.0000,25420.0000,48671.00,0
2015-07-20,25418.0000,25544.0000,25261.0000,25389.0000,48955.00,0
2015-07-21,25399.0000,25620.0000,25285.0000,25516.0000,51653.00,0
2015-07-22,25500.0000,25528.0000,25140.0000,25233.0000,47214.00,0
2015-07-23,25202.0000,25508.0000,25180.0000,25386.0000,44102.00,0
2015-07-24,25375.0000,25405.0000,25018.0000,25161.0000,57491.00,0
2015-07-27,25170.0000,25170.0000,24245.0000,24346.0000,95521.00,0
2015-07-28,24300.0000,24947.0000,23964.0000,24420.0000,61364.00,0
2015-07-29,24431.0000,24666.0000,24372.0000,24568.0000,38359.00,0
2015-07-30,24581.0000,24831.0000,24373.0000,24418.0000,53740.00,0
2015-07-31,24416.0000,24722.0000,24360.0000,24526.0000,40822.00,0
2015-08-03,24525.0000,24690.0000,24112.0000,24278.0000,51275.00,0
2015-08-04,24281.0000,24479.0000,24144.0000,24264.0000,46014.00,0
2015-08-05,24265.0000,24527.0000,24254.0000,24466.0000,34696.00,0
2015-08-06,24475.0000,24617.0000,24230.0000,24310.0000,41966.00,0
2015-08-07,24312.0000,24589.0000,24120.0000,24451.0000,46222.00,0
2015-08-10,24472.0000,24548.0000,23980.0000,24401.0000,54893.00,0
2015-08-11,24404.0000,24825.0000,24315.0000,24390.0000,55743.00,0
2015-08-12,24408.0000,24408.0000,23713.0000,23720.0000,69231.00,0
2015-08-13,23711.0000,24073.0000,23613.0000,24044.0000,52261.00,0
2015-08-14,24053.0000,24122.0000,23903.0000,23952.0000,33997.00,0
2015-08-17,23943.0000,24020.0000,23663.0000,23787.0000,39072.00,0
2015-08-18,23795.0000,23992.0000,23401.0000,23439.0000,55066.00,0
2015-08-19,23448.0000,23526.0000,23065.0000,23074.0000,66326.00,0
2015-08-20,23070.0000,23160.0000,22514.0000,22666.0000,72342.00,0
2015-08-21,22643.0000,22650.0000,22102.0000,22488.0000,75053.00,0
2015-08-24,22468.0000,22500.0000,21077.0000,21128.0000,102949.00,0
2015-08-25,21153.0000,21856.0000,20072.0000,21575.0000,154064.00,0
2015-08-26,21536.0000,22353.0000,20913.0000,21018.0000,60757.00,0
2015-08-27,21020.0000,21894.0000,20859.0000,21698.0000,55037.00,0
2015-08-28,21700.0000,22150.0000,21384.0000,21536.0000,70748.00,0
2015-08-31,21505.0000,21648.0000,21229.0000,21464.0000,69174.00,0
2015-09-01,21467.0000,21554.0000,20866.0000,20879.0000,66629.00,0
2015-09-02,20862.0000,21190.0000,20614.0000,20699.0000,84105.00,0
2015-09-04,20675.0000,20999.0000,20539.0000,20612.0000,57591.00,0
2015-09-07,20600.0000,20980.0000,20379.0000,20427.0000,69065.00,0
2015-09-08,20390.0000,21363.0000,20352.0000,21304.0000,82780.00,0
2015-09-09,21309.0000,22176.0000,21252.0000,21971.0000,106852.00,0
2015-09-10,21965.0000,22088.0000,21374.0000,21474.0000,66805.00,0
2015-09-11,21463.0000,21840.0000,21330.0000,21375.0000,67624.00,0
2015-09-14,21350.0000,21685.0000,21260.0000,21474.0000,63855.00,0
2015-09-15,21484.0000,21585.0000,21305.0000,21333.0000,52488.00,0
2015-09-16,21333.0000,22074.0000,21287.0000,21980.0000,77716.00,0
2015-09-17,21997.0000,22198.0000,21608.0000,21730.0000,91029.00,0
2015-09-18,21724.0000,22101.0000,21678.0000,22084.0000,70368.00,0
2015-09-21,22030.0000,22059.0000,21456.0000,21681.0000,72544.00,0
2015-09-22,21691.0000,22128.0000,21572.0000,21592.0000,76364.00,0
2015-09-23,21580.0000,21612.0000,20944.0000,21313.0000,118388.00,0
2015-09-24,21340.0000,21459.0000,21008.0000,21181.0000,126393.00,0
2015-09-25,21115.0000,21297.0000,20760.0000,21199.0000,60221.00,0
2015-09-29,21201.0000,21330.0000,20249.0000,20451.0000,85051.00,0
2015-09-30,20500.0000,20918.0000,20433.0000,20792.0000,81085.00,0
2015-10-02,20825.0000,21528.0000,20821.0000,21507.0000,73866.00,0
2015-10-05,21517.0000,21979.0000,21239.0000,21846.0000,78047.00,0
2015-10-06,21856.0000,22149.0000,21682.0000,21764.0000,77044.00,0
2015-10-07,21780.0000,22492.0000,21729.0000,22473.0000,92702.00,0
2015-10-08,22482.0000,22649.0000,22151.0000,22419.0000,89036.00,0
2015-10-09,22370.0000,22788.0000,22326.0000,22403.0000,99122.00,0
2015-10-12,22405.0000,22759.0000,22396.0000,22658.0000,82010.00,0
2015-10-13,22654.0000,22768.0000,22442.0000,22511.0000,94083.00,0
2015-10-14,22502.0000,22597.0000,22314.0000,22465.0000,91716.00,0
2015-10-15,22451.0000,22928.0000,22416.0000,22912.0000,114420.00,0
2015-10-16,22919.0000,23132.0000,22880.0000,23100.0000,87547.00,0
2015-10-19,23124.0000,23166.0000,22875.0000,23041.0000,89492.00,0
2015-10-20,23035.0000,23053.0000,22805.0000,22929.0000,94906.00,0
2015-10-22,22915.0000,22990.0000,22710.0000,22844.0000,89546.00,0
2015-10-23,22850.0000,23289.0000,22838.0000,23180.0000,100301.00,0
2015-10-26,23177.0000,23538.0000,23036.0000,23043.0000,126374.00,0
2015-10-27,23046.0000,23154.0000,22897.0000,23075.0000,56745.00,0
2015-10-28,23100.0000,23128.0000,22918.0000,22976.0000,55268.00,0
2015-10-29,22997.0000,23076.0000,22751.0000,22762.0000,97818.00,0
2015-10-30,22745.0000,22848.0000,22608.0000,22820.0000,52565.00,0
2015-11-02,22420.0000,22584.0000,22230.0000,22514.0000,100642.00,0
2015-11-03,22520.0000,22677.0000,22498.0000,22653.0000,81677.00,0
2015-11-04,22708.0000,23347.0000,22661.0000,23128.0000,147964.00,0
2015-11-05,23042.0000,23164.0000,22900.0000,22911.0000,114093.00,0
2015-11-06,22907.0000,22917.0000,22549.0000,22643.0000,99681.00,0
2015-11-09,22656.0000,22951.0000,22479.0000,22479.0000,104406.00,0
2015-11-10,22430.0000,22467.0000,22195.0000,22202.0000,115653.00,0
2015-11-11,22280.0000,22491.0000,22251.0000,22333.0000,111817.00,0
2015-11-12,22301.0000,22988.0000,22301.0000,22664.0000,143096.00,0
2015-11-13,22523.0000,22524.0000,21966.0000,22040.0000,124151.00,0
2015-11-16,21883.0000,22149.0000,21818.0000,22060.0000,105226.00,0
2015-11-17,22251.0000,22488.0000,22222.0000,22385.0000,122134.00,0
2015-11-18,22316.0000,22353.0000,22101.0000,22254.0000,106075.00,0
2015-11-19,22452.0000,22600.0000,22387.0000,22510.0000,110445.00,0
2015-11-20,22516.0000,22882.0000,22423.0000,22828.0000,99081.00,0
2015-11-23,22800.0000,22817.0000,22617.0000,22731.0000,116169.00,0
2015-11-24,22700.0000,22705.0000,22301.0000,22421.0000,140533.00,0
2015-11-25,22490.0000,22633.0000,22429.0000,22560.0000,134204.00,0
2015-11-26,22613.0000,23055.0000,22435.0000,22604.0000,104814.00,0
2015-11-27,22574.0000,22592.0000,22190.0000,22212.0000,11307.00,0
2015-11-30,22055.0000,22167.0000,21856.0000,22096.0000,132455.00,0
2015-12-01,22204.0000,22489.0000,22098.0000,22458.0000,133851.00,0
2015-12-02,22500.0000,22576.0000,22362.0000,22451.0000,120441.00,0
2015-12-03,22310.0000,22521.0000,22220.0000,22242.0000,109663.00,0
2015-12-04,22113.0000,22288.0000,22047.0000,22266.0000,106682.00,0
2015-12-07,22313.0000,22388.0000,22105.0000,22118.0000,83434.00,0
2015-12-08,22077.0000,22095.0000,21552.0000,21674.0000,110402.00,0
2015-12-09,21741.0000,21895.0000,21608.0000,21889.0000,99782.00,0
2015-12-10,21673.0000,21872.0000,21572.0000,21693.0000,106640.00,0
2015-12-11,21690.0000,21743.0000,21078.0000,21151.0000,113555.00,0
2015-12-15,21265.0000,21565.0000,21212.0000,21540.0000,104913.00,0
2015-12-16,21530.0000,21843.0000,21488.0000,21744.0000,104370.00,0
2015-12-17,21778.0000,22009.0000,21733.0000,21800.0000,118543.00,0
2015-12-18,21640.0000,21961.0000,21590.0000,21666.0000,115308.00,0
2015-12-21,21620.0000,21915.0000,21564.0000,21867.0000,102416.00,0
2015-12-22,21811.0000,21841.0000,21704.0000,21821.0000,91611.00,0
2015-12-23,21879.0000,22220.0000,21820.0000,22218.0000,127105.00,0
2015-12-24,22266.0000,22297.0000,22130.0000,22140.0000,44302.00,0
2015-12-28,22112.0000,22186.0000,21813.0000,21870.0000,101569.00,0
2015-12-29,21903.0000,22151.0000,21844.0000,22093.0000,83567.00,0
2015-12-30,22130.0000,22156.0000,21903.0000,21918.0000,10889.00,0
2015-12-31,21850.0000,21985.0000,21818.0000,21910.0000,37144.00,0
2016-01-04,21807.0000,21857.0000,21020.0000,21040.0000,140887.00,0
2016-01-05,21167.0000,21409.0000,21034.0000,21140.0000,141257.00,0
2016-01-06,21209.0000,21250.0000,20662.0000,20701.0000,136416.00,0
2016-01-07,20786.0000,20834.0000,20050.0000,20470.0000,179335.00,0
2016-01-08,20453.0000,20620.0000,20129.0000,20170.0000,140894.00,0
2016-01-11,19900.0000,20120.0000,19820.0000,20010.0000,139174.00,0
2016-01-12,20023.0000,20112.0000,19656.0000,19971.0000,130591.00,0
2016-01-13,20075.0000,20229.0000,19818.0000,19921.0000,143801.00,0
2016-01-14,19555.0000,19893.0000,19468.0000,19799.0000,150709.00,0
2016-01-15,19795.0000,19827.0000,19048.0000,19118.0000,139573.00,0
2016-01-18,19170.0000,19442.0000,19142.0000,19215.0000,145025.00,0
2016-01-19,19222.0000,19725.0000,19157.0000,19506.0000,158473.00,0
2016-01-20,19280.0000,19343.0000,18566.0000,18609.0000,190484.00,0
2016-01-21,19055.0000,19260.0000,18530.0000,18883.0000,186013.00,0
2016-01-22,19030.0000,19388.0000,18753.0000,19340.0000,171583.00,0
2016-01-25,19290.0000,19505.0000,19122.0000,19149.0000,153074.00,0
2016-01-26,19005.0000,19269.0000,18785.0000,19242.0000,173926.00,0
2016-01-27,19266.0000,19279.0000,18922.0000,19096.0000,162353.00,0
2016-01-28,19033.0000,19230.0000,19012.0000,19095.0000,15521.00,0
2016-01-29,19215.0000,19748.0000,19031.0000,19591.0000,160231.00,0
2016-02-01,19685.0000,19715.0000,19320.0000,19431.0000,121601.00,0
2016-02-02,19434.0000,19609.0000,19136.0000,19182.0000,123477.00,0
2016-02-03,19000.0000,19076.0000,18713.0000,18769.0000,132203.00,0
2016-02-04,19188.0000,19357.0000,19050.0000,19257.0000,109808.00,0
2016-02-05,19188.0000,19409.0000,19095.0000,19149.0000,89922.00,0
2016-02-11,18400.0000,18587.0000,18037.0000,18120.0000,85499.00,0
2016-02-12,18279.0000,18484.0000,18217.0000,18391.0000,89322.00,0
2016-02-15,18648.0000,18975.0000,18621.0000,18970.0000,105726.00,0
2016-02-16,18990.0000,19272.0000,18892.0000,19001.0000,118666.00,0
2016-02-17,19250.0000,19307.0000,18895.0000,19239.0000,128537.00,0
2016-02-18,19387.0000,19451.0000,19235.0000,19339.0000,110520.00,0
2016-02-19,19232.0000,19360.0000,19145.0000,19226.0000,100227.00,0
2016-02-22,19349.0000,19578.0000,19340.0000,19564.0000,122850.00,0
2016-02-23,19531.0000,19557.0000,19312.0000,19427.0000,142795.00,0
2016-02-24,19372.0000,19375.0000,18829.0000,18891.0000,154636.00,0
2016-02-25,19175.0000,19209.0000,18850.0000,19045.0000,131187.00,0
2016-02-26,19180.0000,19276.0000,19152.0000,19225.0000,11332.00,0
2016-02-29,19345.0000,19345.0000,18960.0000,19228.0000,112614.00,0
2016-03-01,19167.0000,19520.0000,18993.0000,19505.0000,126532.00,0
2016-03-02,19645.0000,19995.0000,19634.0000,19873.0000,128958.00,0
2016-03-03,19999.0000,20063.0000,19758.0000,19939.0000,115533.00,0
2016-03-04,20000.0000,20294.0000,19925.0000,20294.0000,124860.00,0
2016-03-07,20274.0000,20298.0000,20024.0000,20199.0000,108462.00,0
2016-03-08,20102.0000,20133.0000,19880.0000,19921.0000,116736.00,0
2016-03-09,19884.0000,20089.0000,19813.0000,20080.0000,99638.00,0
2016-03-10,20041.0000,20227.0000,19898.0000,20002.0000,122303.00,0
2016-03-11,19974.0000,20354.0000,19837.0000,20335.0000,125719.00,0
2016-03-14,20394.0000,20498.0000,20315.0000,20422.0000,105846.00,0
2016-03-15,20350.0000,20379.0000,20207.0000,20252.0000,94238.00,0
2016-03-16,20301.0000,20432.0000,20170.0000,20339.0000,111489.00,0
2016-03-17,20575.0000,20637.0000,20303.0000,20559.0000,126420.00,0
2016-03-18,20488.0000,20848.0000,20486.0000,20818.0000,118834.00,0
2016-03-21,20780.0000,20823.0000,20611.0000,20787.0000,99075.00,0
2016-03-22,20745.0000,20775.0000,20563.0000,20643.0000,104409.00,0
2016-03-23,20643.0000,20688.0000,20455.0000,20456.0000,118564.00,0
2016-03-24,20413.0000,20507.0000,20153.0000,20179.0000,161286.00,0
2016-03-29,20350.0000,20426.0000,20253.0000,20325.0000,114531.00,0
2016-03-30,20493.0000,20718.0000,20478.0000,20683.0000,10945.00,0
2016-03-31,20880.0000,20891.0000,20703.0000,20837.0000,112429.00,0
2016-04-01,20805.0000,20835.0000,20304.0000,20536.0000,124979.00,0
2016-04-05,20389.0000,20389.0000,20060.0000,20140.0000,118765.00,0
2016-04-06,20060.0000,20233.0000,20046.0000,20229.0000,98489.00,0
2016-04-07,20288.0000,20368.0000,20085.0000,20105.0000,106820.00,0
2016-04-08,19980.0000,20511.0000,19967.0000,20357.0000,122355.00,0
2016-04-11,20240.0000,20620.0000,20174.0000,20515.0000,145939.00,0
2016-04-12,20446.0000,20650.0000,20397.0000,20645.0000,115086.00,0
2016-04-13,20709.0000,21400.0000,20691.0000,21399.0000,148597.00,0
2016-04-14,21433.0000,21546.0000,21298.0000,21453.0000,120300.00,0
2016-04-15,21420.0000,21451.0000,21258.0000,21324.0000,90795.00,0
2016-04-18,21088.0000,21408.0000,21021.0000,21397.0000,104270.00,0
2016-04-19,21450.0000,21598.0000,21276.0000,21592.0000,111098.00,0
2016-04-20,21498.0000,21503.0000,21122.0000,21427.0000,123956.00,0
2016-04-21,21449.0000,21664.0000,21351.0000,21466.0000,131429.00,0
2016-04-22,21378.0000,21559.0000,21331.0000,21431.0000,104873.00,0
2016-04-25,21381.0000,21449.0000,21266.0000,21315.0000,131183.00,0
2016-04-26,21328.0000,21458.0000,21089.0000,21366.0000,163957.00,0
2016-04-27,21354.0000,21450.0000,21283.0000,21347.0000,116228.00,0
2016-04-28,21450.0000,21652.0000,21363.0000,21471.0000,16783.00,0
2016-04-29,21078.0000,21135.0000,20756.0000,20766.0000,109628.00,0
2016-05-03,20960.0000,20987.0000,20338.0000,20386.0000,117939.00,0
2016-05-04,20362.0000,20461.0000,20142.0000,20148.0000,118908.00,0
2016-05-05,20211.0000,20391.0000,20195.0000,20260.0000,102441.00,0
2016-05-06,20151.0000,20246.0000,19852.0000,20044.0000,124009.00,0
2016-05-09,20161.0000,20207.0000,19880.0000,19927.0000,112143.00,0
2016-05-10,19900.0000,20199.0000,19823.0000,20144.0000,116524.00,0
2016-05-11,20240.0000,20253.0000,19855.0000,19960.0000,135056.00,0
2016-05-12,19934.0000,20009.0000,19720.0000,19746.0000,131220.00,0
2016-05-13,19700.0000,19744.0000,19448.0000,19626.0000,131780.00,0
2016-05-16,19522.0000,19895.0000,19516.0000,19895.0000,128094.00,0
2016-05-17,19851.0000,20016.0000,19721.0000,19855.0000,126738.00,0
2016-05-18,19768.0000,19822.0000,19638.0000,19782.0000,113273.00,0
2016-05-19,19678.0000,19731.0000,19488.0000,19491.0000,110757.00,0
2016-05-20,19605.0000,19948.0000,19579.0000,19912.0000,125774.00,0
2016-05-23,19793.0000,19937.0000,19707.0000,19792.0000,105515.00,0
2016-05-24,19789.0000,20090.0000,19690.0000,20062.0000,114339.00,0
2016-05-25,20100.0000,20505.0000,20097.0000,20450.0000,167622.00,0
2016-05-26,20386.0000,20449.0000,20244.0000,20446.0000,135209.00,0
2016-05-27,20438.0000,20656.0000,20275.0000,20600.0000,123031.00,0
2016-05-30,20609.0000,20733.0000,20481.0000,20667.0000,11175.00,0
2016-05-31,20301.0000,20719.0000,20294.0000,20435.0000,131396.00,0
2016-06-01,20448.0000,20645.0000,20412.0000,20484.0000,115260.00,0
2016-06-02,20505.0000,20670.0000,20430.0000,20638.0000,120623.00,0
2016-06-03,20718.0000,20835.0000,20587.0000,20654.0000,109457.00,0
2016-06-06,20730.0000,20948.0000,20587.0000,20937.0000,105802.00,0
2016-06-07,20977.0000,21184.0000,20934.0000,21140.0000,110133.00,0
2016-06-08,21096.0000,21188.0000,20992.0000,21152.0000,100343.00,0
2016-06-10,21077.0000,21109.0000,20628.0000,20656.0000,99696.00,0
2016-06-13,20519.0000,20547.0000,20230.0000,20290.0000,132038.00,0
2016-06-14,20313.0000,20362.0000,20027.0000,20032.0000,122458.00,0
2016-06-15,19950.0000,20373.0000,19900.0000,20261.0000,130035.00,0
2016-06-16,20141.0000,20164.0000,19717.0000,19830.0000,130905.00,0
2016-06-17,20126.0000,20154.0000,19916.0000,19926.0000,107454.00,0
2016-06-20,20250.0000,20495.0000,20112.0000,20489.0000,118496.00,0
2016-06-21,20360.0000,20528.0000,20330.0000,20473.0000,113804.00,0
2016-06-22,20490.0000,20842.0000,20420.0000,20760.0000,118764.00,0
2016-06-23,20840.0000,21097.0000,20687.0000,21080.0000,114877.00,0
2016-06-24,20553.0000,20999.0000,19564.0000,20175.0000,248042.00,0
2016-06-27,19903.0000,20278.0000,19640.0000,19724.0000,177723.00,0
2016-06-28,19767.0000,20242.0000,19759.0000,20103.0000,138019.00,0
2016-06-29,20215.0000,20375.0000,20178.0000,20350.0000,14963.00,0
2016-06-30,20728.0000,20976.0000,20616.0000,20917.0000,149168.00,0
2016-07-04,20989.0000,21195.0000,20843.0000,20945.0000,123464.00,0
2016-07-05,20913.0000,20965.0000,20635.0000,20660.0000,117515.00,0
2016-07-06,20556.0000,20577.0000,20278.0000,20432.0000,143996.00,0
2016-07-07,20673.0000,20748.0000,20550.0000,20611.0000,111216.00,0
2016-07-08,20600.0000,20834.0000,20448.0000,20828.0000,111096.00,0
2016-07-11,20968.0000,21045.0000,20830.0000,21032.0000,119387.00,0
2016-07-12,21027.0000,21438.0000,20972.0000,21438.0000,121487.00,0
2016-07-13,21420.0000,21465.0000,21334.0000,21376.0000,23508.00,0
2016-07-14,21316.0000,21688.0000,21259.0000,21667.0000,117386.00,0
2016-07-15,21600.0000,21773.0000,21530.0000,21616.0000,124169.00,0
2016-07-18,21665.0000,21855.0000,21640.0000,21783.0000,121534.00,0
2016-07-19,21742.0000,21757.0000,21635.0000,21697.0000,97058.00,0
2016-07-20,21648.0000,21984.0000,21626.0000,21930.0000,102568.00,0
2016-07-21,21930.0000,22138.0000,21906.0000,21948.0000,104220.00,0
2016-07-22,21931.0000,22065.0000,21859.0000,21991.0000,85964.00,0
2016-07-25,22111.0000,22113.0000,21884.0000,21896.0000,133283.00,0
2016-07-26,21888.0000,22321.0000,21868.0000,22145.0000,181313.00,0
2016-07-27,22187.0000,22286.0000,22009.0000,22130.0000,140690.00,0
2016-07-29,22009.0000,22137.0000,21761.0000,21920.0000,126699.00,0
2016-08-01,21921.0000,22245.0000,21921.0000,22025.0000,110212.00,0
2016-08-03,21780.0000,21796.0000,21651.0000,21776.0000,102437.00,0
2016-08-04,21868.0000,21935.0000,21732.0000,21907.0000,89128.00,0
2016-08-05,21901.0000,22279.0000,21880.0000,22275.0000,95055.00,0
2016-08-08,22306.0000,22479.0000,22197.0000,22411.0000,96185.00,0
2016-08-09,22388.0000,22572.0000,22369.0000,22536.0000,73023.00,0
2016-08-10,22482.0000,22600.0000,22345.0000,22405.0000,98192.00,0
2016-08-11,22407.0000,22747.0000,22322.0000,22733.0000,117382.00,0
2016-08-12,22730.0000,22817.0000,22681.0000,22741.0000,92282.00,0
2016-08-15,22765.0000,23030.0000,22702.0000,23011.0000,90368.00,0
2016-08-16,23000.0000,23148.0000,22831.0000,22939.0000,113018.00,0
2016-08-17,22972.0000,23030.0000,22733.0000,22762.0000,108973.00,0
2016-08-18,22905.0000,23205.0000,22904.0000,23095.0000,122878.00,0
2016-08-19,23100.0000,23148.0000,22834.0000,22944.0000,103824.00,0
2016-08-22,22989.0000,23018.0000,22772.0000,22870.0000,110610.00,0
2016-08-23,22920.0000,23116.0000,22855.0000,23087.0000,103327.00,0
2016-08-24,23040.0000,23050.0000,22685.0000,22793.0000,123834.00,0
2016-08-25,22785.0000,22905.0000,22728.0000,22849.0000,141978.00,0
2016-08-26,22820.0000,23133.0000,22795.0000,23054.0000,158562.00,0
2016-08-29,22885.0000,22926.0000,22744.0000,22890.0000,109589.00,0
2016-12-28,21500.0000,21790.0000,21482.0000,21619.0000,101845.00,0
2016-12-30,21850.0000,22056.0000,21813.0000,21920.0000,74587.00,0
2017-01-03,21920.0000,22200.0000,21863.0000,22166.0000,79687.00,0
2017-01-04,22175.0000,22233.0000,22058.0000,22196.0000,78504.00,0
2017-01-05,22257.0000,22544.0000,22207.0000,22535.0000,86942.00,0
2017-01-06,22540.0000,22625.0000,22464.0000,22485.0000,76209.00,0
2017-01-09,22590.0000,22637.0000,22471.0000,22550.0000,79025.00,0
2017-01-10,22537.0000,22831.0000,22517.0000,22815.0000,84141.00,0
2017-01-11,22800.0000,22998.0000,22779.0000,22928.0000,90709.00,0
2017-01-12,22971.0000,23012.0000,22786.0000,22829.0000,91981.00,0
2017-01-13,22929.0000,22998.0000,22887.0000,22975.0000,68316.00,0
2017-01-16,22872.0000,22912.0000,22671.0000,22818.0000,80704.00,0
2017-01-17,22850.0000,22938.0000,22731.0000,22918.0000,69959.00,0
2017-01-18,22901.0000,23187.0000,22881.0000,23142.0000,85800.00,0
2017-01-19,23083.0000,23089.0000,22956.0000,23042.0000,73203.00,0
2017-01-20,22990.0000,23016.0000,22864.0000,22980.0000,80742.00,0
2017-01-23,22950.0000,23104.0000,22853.0000,22906.0000,129543.00,0
2017-01-24,22970.0000,23007.0000,22912.0000,22995.0000,137630.00,0
2017-01-25,23072.0000,23154.0000,22945.0000,23152.0000,83811.00,0
2017-01-27,23250.0000,23359.0000,23236.0000,23332.0000,54040.00,0
2017-02-01,23200.0000,23422.0000,23028.0000,23305.0000,75117.00,0
2017-02-02,23270.0000,23404.0000,23048.0000,23168.0000,68871.00,0
2017-02-03,23198.0000,23205.0000,22914.0000,23140.0000,68264.00,0
2017-02-06,23142.0000,23301.0000,23071.0000,23218.0000,76693.00,0
2017-02-07,23195.0000,23342.0000,23167.0000,23282.0000,66668.00,0
2017-02-08,23248.0000,23473.0000,23091.0000,23363.0000,101000.00,0
2017-02-09,23398.0000,23555.0000,23384.0000,23501.0000,84619.00,0
2017-02-10,23590.0000,23666.0000,23494.0000,23570.0000,72467.00,0
2017-02-13,23551.0000,23679.0000,23533.0000,23662.0000,74079.00,0
2017-02-14,23650.0000,23685.0000,23560.0000,23596.0000,74393.00,0
2017-02-15,23708.0000,23998.0000,23693.0000,23973.0000,101923.00,0
2017-02-16,24042.0000,24090.0000,23933.0000,24057.0000,84035.00,0
2017-02-17,24038.0000,24078.0000,23917.0000,23935.0000,83343.00,0
2017-02-20,23973.0000,24168.0000,23952.0000,24092.0000,87893.00,0
2017-02-21,24109.0000,24167.0000,23890.0000,23996.0000,112344.00,0
2017-02-22,23995.0000,24128.0000,23962.0000,24128.0000,124014.00,0
2017-02-23,24060.0000,24214.0000,24032.0000,24152.0000,159929.00,0
2017-02-24,24130.0000,24138.0000,23845.0000,23920.0000,111603.00,0
2017-02-28,23927.0000,24011.0000,23725.0000,23800.0000,101039.00,0
2017-03-01,23801.0000,23969.0000,23737.0000,23942.0000,86132.00,0
2017-03-02,24040.0000,24087.0000,23603.0000,23659.0000,111603.00,0
2017-03-03,23638.0000,23689.0000,23486.0000,23645.0000,92849.00,0
2017-03-06,23604.0000,23688.0000,23551.0000,23556.0000,74556.00,0
2017-03-07,23619.0000,23712.0000,23584.0000,23686.0000,73494.00,0
2017-03-08,23653.0000,23803.0000,23534.0000,23734.0000,95225.00,0
2017-03-09,23676.0000,23676.0000,23385.0000,23460.0000,100861.00,0
2017-03-10,23498.0000,23644.0000,23423.0000,23570.0000,89233.00,0
2017-03-13,23601.0000,23857.0000,23556.0000,23826.0000,99950.00,0
2017-03-14,23817.0000,23905.0000,23710.0000,23733.0000,75723.00,0
2017-03-15,23732.0000,23833.0000,23619.0000,23830.0000,84297.00,0
2017-03-16,23944.0000,24445.0000,23944.0000,24355.0000,122711.00,0
2017-03-17,24347.0000,24411.0000,24257.0000,24294.0000,98876.00,0
2017-03-24,24430.0000,24449.0000,24281.0000,24435.0000,99505.00,0
2017-03-27,24235.0000,24454.0000,24148.0000,24321.0000,166922.00,0
2017-03-28,24369.0000,24471.0000,24304.0000,24470.0000,143874.00,0
2017-03-29,24475.0000,24505.0000,24347.0000,24390.0000,95641.00,0
2017-03-31,24321.0000,24340.0000,24094.0000,24170.0000,102465.00,0
2017-04-03,24204.0000,24273.0000,24173.0000,24212.0000,61817.00,0
2017-04-05,24305.0000,24483.0000,24143.0000,24460.0000,115597.00,0
2017-04-06,24310.0000,24381.0000,24185.0000,24307.0000,106873.00,0
2017-04-07,24323.0000,24327.0000,23953.0000,24320.0000,141928.00,0
2017-04-10,24357.0000,24371.0000,24184.0000,24227.0000,81036.00,0
2017-04-11,24254.0000,24306.0000,23973.0000,23996.0000,120153.00,0
2017-04-12,24038.0000,24313.0000,23976.0000,24190.0000,107891.00,0
2017-04-13,24124.0000,24379.0000,24097.0000,24279.0000,104607.00,0
2017-04-18,24314.0000,24314.0000,23781.0000,23823.0000,119912.00,0
2017-04-19,23864.0000,23874.0000,23706.0000,23830.0000,101544.00,0
2017-04-20,23785.0000,24075.0000,23754.0000,24061.0000,105557.00,0
2017-04-24,24197.0000,24246.0000,23935.0000,24222.0000,166587.00,0
2017-04-25,24227.0000,24564.0000,24200.0000,24540.0000,194752.00,0
2017-04-26,24526.0000,24652.0000,24513.0000,24619.0000,108093.00,0
2017-04-28,24590.0000,24609.0000,24480.0000,24538.0000,78160.00,0
2017-05-02,24582.0000,24695.0000,24461.0000,24578.0000,85767.00,0
2017-05-05,24472.0000,24517.0000,24220.0000,24405.0000,109657.00,0
2017-05-08,24474.0000,24502.0000,24361.0000,24438.0000,90676.00,0
2017-05-09,24463.0000,24884.0000,24407.0000,24862.0000,119272.00,0
2017-05-10,24803.0000,25068.0000,24787.0000,25025.0000,123644.00,0
2017-05-11,25020.0000,25101.0000,24918.0000,24946.0000,113553.00,0
2017-05-12,25008.0000,25189.0000,24962.0000,25189.0000,88880.00,0
2017-05-15,25198.0000,25378.0000,25133.0000,25372.0000,106344.00,0
2017-05-16,25340.0000,25373.0000,25206.0000,25340.0000,94003.00,0
2017-05-17,25266.0000,25353.0000,25110.0000,25146.0000,99936.00,0
2017-05-18,25080.0000,25239.0000,25028.0000,25136.0000,121478.00,0
2017-05-19,25142.0000,25300.0000,25108.0000,25286.0000,86221.00,0
2017-05-22,25282.0000,25422.0000,25194.0000,25379.0000,102515.00,0
2017-05-23,25375.0000,25445.0000,25299.0000,25412.0000,111234.00,0
2017-05-24,25378.0000,25453.0000,25303.0000,25440.0000,139456.00,0
2017-05-25,25440.0000,25705.0000,25436.0000,25657.0000,167179.00,0
2017-05-26,25669.0000,25723.0000,25576.0000,25627.0000,104979.00,0
2017-05-31,25516.0000,25623.0000,25400.0000,25401.0000,91219.00,0
2017-06-01,25480.0000,25615.0000,25415.0000,25608.0000,96837.00,0
2017-06-02,25704.0000,25780.0000,25621.0000,25734.0000,82769.00,0
2017-06-05,25694.0000,25790.0000,25636.0000,25676.0000,73485.00,0
2017-06-06,25630.0000,25855.0000,25626.0000,25855.0000,78189.00,0
2017-06-07,25830.0000,25877.0000,25733.0000,25738.0000,74564.00,0
2017-06-08,25750.0000,25944.0000,25750.0000,25935.0000,76630.00,0
2017-06-09,25917.0000,25960.0000,25796.0000,25956.0000,90722.00,0
2017-06-12,25811.0000,25821.0000,25553.0000,25588.0000,93380.00,0
2017-06-13,25687.0000,25765.0000,25607.0000,25723.0000,77413.00,0
2017-06-14,25763.0000,25784.0000,25558.0000,25716.0000,94290.00,0
2017-06-15,25649.0000,25649.0000,25345.0000,25419.0000,101331.00,0
2017-06-16,25501.0000,25568.0000,25435.0000,25458.0000,84537.00,0
2017-06-19,25527.0000,25817.0000,25524.0000,25816.0000,86821.00,0
2017-06-20,25819.0000,25874.0000,25571.0000,25584.0000,92153.00,0
2017-06-21,25608.0000,25734.0000,25409.0000,25589.0000,129455.00,0
2017-06-22,25540.0000,25816.0000,25514.0000,25730.0000,125001.00,0
2017-06-23,25672.0000,25742.0000,25582.0000,25666.0000,94974.00,0
2017-06-26,25668.0000,25895.0000,25663.0000,25823.0000,141282.00,0
2017-06-27,25851.0000,25885.0000,25734.0000,25801.0000,175071.00,0
2017-06-28,25684.0000,25800.0000,25569.0000,25788.0000,122576.00,0
2017-06-30,25574.0000,25675.0000,25446.0000,25635.0000,109829.00,0
2017-07-03,25524.0000,25768.0000,25506.0000,25764.0000,75606.00,0
2017-07-04,25681.0000,25747.0000,25136.0000,25315.0000,135396.00,0
2017-07-05,25289.0000,25485.0000,25110.0000,25468.0000,126986.00,0
2017-07-06,25545.0000,25593.0000,25342.0000,25377.0000,105239.00,0
2017-07-07,25313.0000,25386.0000,25261.0000,25352.0000,83545.00,0
2017-07-10,25380.0000,25606.0000,25307.0000,25562.0000,94931.00,0
2017-07-11,25555.0000,25975.0000,25544.0000,25915.0000,113146.00,0
2017-07-12,25924.0000,26325.0000,25924.0000,26310.0000,115812.00,0
2017-07-13,26339.0000,26398.0000,26283.0000,26378.0000,97661.00,0
2017-07-14,26402.0000,26569.0000,26322.0000,26550.0000,78312.00,0
2017-07-17,26608.0000,26643.0000,26391.0000,26454.0000,108440.00,0
2017-07-18,26487.0000,26563.0000,26415.0000,26491.0000,92104.00,0
2017-07-19,26550.0000,26780.0000,26522.0000,26740.0000,92767.00,0
2017-07-20,26742.0000,26783.0000,26658.0000,26759.0000,84546.00,0
2017-07-21,26759.0000,26785.0000,26661.0000,26670.0000,87839.00,0
2017-07-24,26721.0000,26904.0000,26698.0000,26828.0000,107598.00,0
2017-07-25,26832.0000,26956.0000,26811.0000,26941.0000,130683.00,0
2017-07-26,26913.0000,26995.0000,26802.0000,26938.0000,152220.00,0
2017-07-27,26962.0000,27165.0000,26943.0000,27115.0000,102541.00,0
2017-07-31,26966.0000,27259.0000,26951.0000,27202.0000,88153.00,0
2017-08-01,27212.0000,27609.0000,27212.0000,27522.0000,112096.00,0
2017-08-02,27505.0000,27655.0000,27462.0000,27484.0000,113610.00,0
2017-08-03,27460.0000,27580.0000,27363.0000,27553.0000,103263.00,0
2017-08-04,27550.0000,27576.0000,27464.0000,27528.0000,75488.00,0
2017-08-07,27576.0000,27720.0000,27550.0000,27570.0000,68404.00,0
2017-08-08,27600.0000,27880.0000,27561.0000,27872.0000,88587.00,0
2017-08-09,27740.0000,27785.0000,27550.0000,27652.0000,106900.00,0
2017-08-10,27745.0000,27766.0000,27191.0000,27224.0000,164435.00,0
2017-08-11,26985.0000,27174.0000,26805.0000,26960.0000,163704.00,0
2017-08-14,27086.0000,27315.0000,27006.0000,27314.0000,114593.00,0
2017-08-15,27300.0000,27375.0000,27023.0000,27101.0000,128790.00,0
2017-08-16,27063.0000,27594.0000,27036.0000,27560.0000,119060.00,0
2017-08-17,27566.0000,27580.0000,27147.0000,27188.0000,135185.00,0
2017-08-18,27060.0000,27218.0000,26924.0000,27091.0000,131464.00,0
2017-08-21,27045.0000,27236.0000,27021.0000,27225.0000,105079.00,0
2017-08-22,27294.0000,27548.0000,27280.0000,27532.0000,105448.00,0
2017-08-24,27517.0000,27618.0000,27465.0000,27537.0000,112484.00,0
2017-08-25,27580.0000,28039.0000,27433.0000,27940.0000,180056.00,0
2017-08-28,27851.0000,28071.0000,27823.0000,27875.0000,179995.00,0
2017-08-29,27807.0000,27860.0000,27659.0000,27858.0000,122236.00,0
2017-08-31,27930.0000,27975.0000,27820.0000,27943.0000,102371.00,0
2017-09-01,27980.0000,28050.0000,27851.0000,27954.0000,101633.00,0
2017-09-04,27810.0000,27870.0000,27611.0000,27799.0000,105988.00,0
2017-09-05,27776.0000,27824.0000,27628.0000,27643.0000,108258.00,0
2017-09-06,27611.0000,27700.0000,27350.0000,27645.0000,130172.00,0
2017-09-07,27740.0000,27788.0000,27430.0000,27584.0000,123732.00,0
2017-09-08,27536.0000,27754.0000,27518.0000,27655.0000,101813.00,0
2017-09-11,27780.0000,28025.0000,27775.0000,28018.0000,98299.00,0
2017-09-12,28000.0000,28034.0000,27857.0000,27960.0000,92946.00,0
2017-09-13,27955.0000,27983.0000,27711.0000,27788.0000,95146.00,0
2017-09-14,27812.0000,27870.0000,27666.0000,27763.0000,99060.00,0
2017-09-18,27933.0000,28168.0000,27904.0000,28136.0000,102015.00,0
2017-09-19,28135.0000,28225.0000,28014.0000,28038.0000,108191.00,0
2017-09-20,28050.0000,28175.0000,27994.0000,28091.0000,83139.00,0
2017-09-21,28091.0000,28175.0000,28035.0000,28057.0000,97624.00,0
2017-09-22,28007.0000,28010.0000,27771.0000,27810.0000,112369.00,0
2017-09-25,27894.0000,27895.0000,27342.0000,27369.0000,195662.00,0
2017-09-26,27360.0000,27605.0000,27289.0000,27501.0000,187726.00,0
2017-09-27,27473.0000,27685.0000,27446.0000,27506.0000,106626.00,0
2017-09-29,27464.0000,27590.0000,27336.0000,27566.0000,94143.00,0
2017-10-03,27749.0000,28241.0000,27688.0000,28225.0000,113924.00,0
2017-10-04,28184.0000,28514.0000,28183.0000,28337.0000,86475.00,0
2017-10-06,28600.0000,28623.0000,28302.0000,28346.0000,85993.00,0
2017-10-09,28422.0000,28472.0000,28255.0000,28325.0000,98617.00,0
2017-10-10,28347.0000,28546.0000,28244.0000,28516.0000,97502.00,0
2017-10-11,28584.0000,28608.0000,28225.0000,28377.0000,104933.00,0
2017-10-12,28446.0000,28542.0000,28362.0000,28441.0000,89314.00,0
2017-10-13,28403.0000,28613.0000,28356.0000,28612.0000,80034.00,0
2017-10-16,28657.0000,28811.0000,28604.0000,28723.0000,94389.00,0
2017-10-17,28736.0000,28763.0000,28610.0000,28628.0000,76810.00,0
2017-10-18,28643.0000,28752.0000,28621.0000,28752.0000,71296.00,0
2017-10-19,28751.0000,28775.0000,28057.0000,28284.0000,168463.00,0
2017-10-20,28360.0000,28531.0000,28319.0000,28449.0000,114708.00,0
2017-10-23,28541.0000,28550.0000,28213.0000,28245.0000,111163.00,0
2017-10-24,28230.0000,28340.0000,28072.0000,28300.0000,145082.00,0
2017-10-25,28256.0000,28363.0000,28030.0000,28071.0000,169892.00,0
2017-10-26,28120.0000,28369.0000,28077.0000,28337.0000,175476.00,0
2017-10-27,28320.0000,28531.0000,28286.0000,28527.0000,126787.00,0
2017-10-31,28217.0000,28344.0000,28160.0000,28257.0000,99168.00,0
2017-11-01,28349.0000,28657.0000,28280.0000,28569.0000,120185.00,0
2017-11-02,28531.0000,28613.0000,28444.0000,28488.0000,114063.00,0
2017-11-03,28580.0000,28612.0000,28484.0000,28506.0000,83460.00,0
2017-11-06,28565.0000,28653.0000,28087.0000,28634.0000,168203.00,0
2017-11-07,28680.0000,29025.0000,28661.0000,28828.0000,126999.00,0
2017-11-08,28859.0000,29129.0000,28859.0000,28924.0000,134721.00,0
2017-11-09,28954.0000,29170.0000,28936.0000,28949.0000,145341.00,0
2017-11-10,29036.0000,29179.0000,28988.0000,29045.0000,124484.00,0
2017-11-13,29021.0000,29227.0000,28984.0000,29171.0000,102715.00,0
2017-11-14,29224.0000,29275.0000,29102.0000,29117.0000,100724.00,0
2017-11-15,29074.0000,29077.0000,28862.0000,29000.0000,141034.00,0
2017-11-16,28925.0000,29226.0000,28889.0000,29226.0000,113194.00,0
2017-11-17,29234.0000,29310.0000,29118.0000,29146.0000,121947.00,0
2017-11-20,29150.0000,29344.0000,29061.0000,29341.0000,109081.00,0
2017-11-21,29350.0000,31341.0000,29284.0000,30102.0000,188433.00,0
2017-11-22,30022.0000,30208.0000,29932.0000,30033.0000,154783.00,0
2017-11-23,30050.0000,30168.0000,29607.0000,29883.0000,182152.00,0
2017-11-24,29889.0000,30045.0000,29737.0000,30031.0000,185534.00,0
2017-11-27,29913.0000,29955.0000,29641.0000,29738.0000,207510.00,0
2017-11-28,29686.0000,29764.0000,29373.0000,29749.0000,162808.00,0
2017-11-29,29837.0000,29837.0000,29559.0000,29623.0000,16457.00,0
2017-11-30,29473.0000,29478.0000,29139.0000,29365.0000,186135.00,0
2017-12-01,29330.0000,29384.0000,28804.0000,28850.0000,185273.00,0
2017-12-04,29150.0000,29354.0000,28828.0000,29082.0000,166948.00,0
2017-12-05,28900.0000,29169.0000,28785.0000,28979.0000,163887.00,0
2017-12-06,28896.0000,28975.0000,28167.0000,28288.0000,250153.00,0
2017-12-07,28400.0000,28479.0000,28149.0000,28428.0000,194762.00,0
2017-12-08,28428.0000,28720.0000,28330.0000,28662.0000,157921.00,0
2017-12-11,28602.0000,28981.0000,28587.0000,28936.0000,141523.00,0
2017-12-12,28953.0000,29048.0000,28725.0000,28760.0000,150528.00,0
2017-12-13,28816.0000,29356.0000,28735.0000,29344.0000,171987.00,0
2017-12-14,29321.0000,29439.0000,29045.0000,29099.0000,156130.00,0
2017-12-15,29030.0000,29050.0000,28721.0000,28920.0000,166267.00,0
2017-12-18,28993.0000,29282.0000,28832.0000,29269.0000,146314.00,0
2017-12-19,29176.0000,29381.0000,29090.0000,29095.0000,136116.00,0
2017-12-20,29140.0000,29339.0000,29129.0000,29245.0000,123914.00,0
2017-12-21,29238.0000,29549.0000,29133.0000,29535.0000,179445.00,0
2017-12-22,29522.0000,29638.0000,29420.0000,29617.0000,193139.00,0
2017-12-28,29698.0000,29791.0000,29672.0000,29778.0000,9724.00,0
2017-12-29,29915.0000,30027.0000,29871.0000,29998.0000,97064.00,0
2018-01-02,30020.0000,30594.0000,30003.0000,30529.0000,127274.00,0
2018-01-03,30590.0000,30750.0000,30512.0000,30721.0000,141756.00,0
2018-01-04,30740.0000,30893.0000,30591.0000,30866.0000,132129.00,0
2018-01-05,30890.0000,30912.0000,30693.0000,30894.0000,124589.00,0
2018-01-08,30940.0000,30950.0000,30711.0000,30869.0000,132231.00,0
2018-01-09,30950.0000,31058.0000,30836.0000,31012.0000,135334.00,0
2018-01-10,31005.0000,31300.0000,30952.0000,31041.0000,173730.00,0
2018-01-11,31052.0000,31202.0000,30981.0000,31199.0000,122690.00,0
2018-01-12,31234.0000,31620.0000,31195.0000,31579.0000,150560.00,0
2018-01-15,31647.0000,31721.0000,31278.0000,31352.0000,174066.00,0
2018-01-16,31406.0000,32015.0000,31376.0000,31857.0000,200447.00,0
2018-01-17,31706.0000,32145.0000,31673.0000,32109.0000,199092.00,0
2018-01-18,32193.0000,32202.0000,31837.0000,31993.0000,204379.00,0
2018-01-19,32085.0000,32314.0000,31989.0000,32286.0000,158390.00,0
2018-01-22,32338.0000,32501.0000,32011.0000,32483.0000,162203.00,0
2018-01-23,32553.0000,32930.0000,32518.0000,32874.0000,234255.00,0
2018-01-24,32837.0000,33096.0000,32733.0000,32858.0000,206218.00,0
2018-01-25,32904.0000,33016.0000,32612.0000,32800.0000,275308.00,0
2018-01-26,32857.0000,33279.0000,32800.0000,33262.0000,254305.00,0
2018-01-29,33334.0000,33516.0000,32759.0000,32841.0000,203847.00,0
2018-01-30,32844.0000,32982.0000,32653.0000,32728.0000,13856.00,0
2018-01-31,32421.0000,32991.0000,32293.0000,32735.0000,245386.00,0
2018-02-01,32826.0000,32978.0000,32414.0000,32543.0000,207545.00,0
2018-02-02,32571.0000,32743.0000,32070.0000,32095.0000,229773.00,0
2018-02-05,31686.0000,32327.0000,31635.0000,31991.0000,250345.00,0
2018-02-06,30880.0000,31212.0000,30405.0000,30875.0000,334502.00,0
2018-02-07,31210.0000,31377.0000,30067.0000,30728.0000,295731.00,0
2018-02-08,30450.0000,30661.0000,29833.0000,29946.0000,224870.00,0
2018-02-09,29532.0000,29638.0000,29000.0000,29023.0000,250974.00,0
2018-02-12,29603.0000,29709.0000,29341.0000,29605.0000,166963.00,0
2018-02-13,29678.0000,30089.0000,29517.0000,29829.0000,176287.00,0
2018-02-14,29890.0000,30585.0000,29851.0000,30383.0000,167795.00,0
2018-02-15,30650.0000,31036.0000,30648.0000,30965.0000,59162.00,0
2018-02-20,31187.0000,31279.0000,30607.0000,30967.0000,159487.00,0
2018-02-21,30894.0000,31518.0000,30813.0000,31490.0000,130798.00,0
2018-02-22,31250.0000,31283.0000,30887.0000,31268.0000,166709.00,0
2018-02-23,31216.0000,31371.0000,31113.0000,31281.0000,188386.00,0
2018-02-26,31410.0000,31619.0000,31275.0000,31588.0000,143917.00,0
2018-02-27,31750.0000,31775.0000,31447.0000,31457.0000,15312.00,0
2018-02-28,31108.0000,31126.0000,30601.0000,30631.0000,180881.00,0
2018-03-01,30510.0000,31083.0000,30357.0000,30891.0000,219546.00,0
2018-03-02,30554.0000,30641.0000,29995.0000,30283.0000,180962.00,0
2018-03-05,30390.0000,30675.0000,29790.0000,30270.0000,214291.00,0
2018-03-06,30391.0000,30658.0000,30116.0000,30487.0000,181071.00,0
2018-03-07,30150.0000,30633.0000,30060.0000,30259.0000,204701.00,0
2018-03-08,30470.0000,30828.0000,30404.0000,30672.0000,156083.00,0
2018-03-09,30840.0000,31315.0000,30817.0000,31295.0000,143422.00,0
2018-03-12,31452.0000,31640.0000,31348.0000,31480.0000,152129.00,0
2018-03-13,31550.0000,31714.0000,31290.0000,31374.0000,143068.00,0
2018-03-14,31280.0000,31580.0000,31112.0000,31194.0000,173049.00,0
2018-03-15,31140.0000,31654.0000,31051.0000,31499.0000,174727.00,0
2018-03-16,31405.0000,31577.0000,31268.0000,31558.0000,143448.00,0
2018-03-19,31400.0000,31677.0000,31111.0000,31160.0000,154252.00,0
2018-03-20,31300.0000,31686.0000,31148.0000,31610.0000,177205.00,0
2018-03-21,31700.0000,32005.0000,31198.0000,31451.0000,200149.00,0
2018-03-22,31580.0000,31704.0000,30257.0000,30433.0000,241439.00,0
2018-03-23,30043.0000,30331.0000,29856.0000,30054.0000,283467.00,0
2018-03-26,29955.0000,30623.0000,29938.0000,30478.0000,266298.00,0
2018-03-27,30905.0000,30949.0000,30604.0000,30818.0000,173595.00,0
2018-03-28,30415.0000,30639.0000,30307.0000,30338.0000,15527.00,0
2018-03-29,30195.0000,30318.0000,29752.0000,30289.0000,209381.00,0
2018-04-03,29865.0000,30295.0000,29750.0000,30133.0000,206533.00,0
2018-04-04,30130.0000,30315.0000,29147.0000,29883.0000,244660.00,0
2018-04-06,29800.0000,30158.0000,29562.0000,29969.0000,194224.00,0
2018-04-09,30000.0000,30580.0000,29912.0000,30361.0000,214872.00,0
2018-04-10,30164.0000,30816.0000,30136.0000,30688.0000,211520.00,0
2018-04-11,30761.0000,31086.0000,30686.0000,30960.0000,190301.00,0
2018-04-12,31087.0000,31151.0000,30605.0000,31070.0000,204627.00,0
2018-04-13,31028.0000,31055.0000,30668.0000,30785.0000,177913.00,0
2018-04-16,30997.0000,31000.0000,30158.0000,30367.0000,215344.00,0
2018-04-17,30349.0000,30527.0000,29992.0000,30428.0000,236290.00,0
2018-04-18,30499.0000,30509.0000,29955.0000,30435.0000,257530.00,0
2018-04-19,30495.0000,30791.0000,30447.0000,30542.0000,231526.00,0
2018-04-20,30590.0000,30879.0000,30185.0000,30260.0000,245246.00,0
2018-04-23,30360.0000,30502.0000,30145.0000,30286.0000,243044.00,0
2018-04-24,30352.0000,30782.0000,30265.0000,30514.0000,294822.00,0
2018-04-25,30478.0000,30517.0000,30093.0000,30223.0000,283384.00,0
2018-04-26,30332.0000,30455.0000,29837.0000,30217.0000,192911.00,0
2018-04-27,30274.0000,30310.0000,30068.0000,30150.0000,13200.00,0
2018-04-30,30245.0000,30724.0000,30230.0000,30476.0000,150582.00,0
2018-05-02,30500.0000,30659.0000,30297.0000,30358.0000,207655.00,0
2018-05-03,30305.0000,30327.0000,29687.0000,29938.0000,263510.00,0
2018-05-04,30032.0000,30169.0000,29575.0000,29991.0000,259193.00,0
2018-05-07,29999.0000,30046.0000,29580.0000,29848.0000,239451.00,0
2018-05-08,29810.0000,30265.0000,29801.0000,30082.0000,216620.00,0
2018-05-09,30218.0000,30462.0000,30145.0000,30410.0000,218966.00,0
2018-05-10,30485.0000,30982.0000,30468.0000,30952.0000,203705.00,0
2018-05-11,30970.0000,31198.0000,30869.0000,31111.0000,212736.00,0
2018-05-14,31300.0000,31499.0000,31260.0000,31432.0000,173483.00,0
2018-05-15,31430.0000,31440.0000,30715.0000,30851.0000,198213.00,0
2018-05-16,30888.0000,31188.0000,30641.0000,31187.0000,224665.00,0
2018-05-17,31224.0000,31320.0000,30817.0000,30880.0000,196097.00,0
2018-05-18,30890.0000,31077.0000,30747.0000,30768.0000,186543.00,0
2018-05-21,31130.0000,31407.0000,31089.0000,31169.0000,183214.00,0
2018-05-23,31130.0000,31140.0000,30485.0000,30667.0000,212400.00,0
2018-05-24,30641.0000,30768.0000,30376.0000,30587.0000,213508.00,0
2018-05-25,30650.0000,30762.0000,30485.0000,30580.0000,234998.00,0
2018-05-28,30730.0000,30858.0000,30518.0000,30760.0000,175146.00,0
2018-05-29,30644.0000,30711.0000,30165.0000,30248.0000,156686.00,0
2018-05-30,30165.0000,30230.0000,29982.0000,30055.0000,17571.00,0
2018-05-31,30095.0000,30513.0000,29977.0000,30369.0000,216719.00,0
2018-06-01,30390.0000,30601.0000,30258.0000,30558.0000,196034.00,0
2018-06-04,30600.0000,30974.0000,30596.0000,30885.0000,181437.00,0
2018-06-05,30913.0000,31163.0000,30812.0000,31006.0000,189737.00,0
2018-06-06,31036.0000,31300.0000,31030.0000,31295.0000,184320.00,0
2018-06-07,31410.0000,31544.0000,31317.0000,31378.0000,182640.00,0
2018-06-08,31388.0000,31405.0000,30798.0000,31050.0000,206622.00,0
2018-06-11,31015.0000,31120.0000,30834.0000,31080.0000,171536.00,0
2018-06-12,30979.0000,31237.0000,30873.0000,30906.0000,191787.00,0
2018-06-13,30980.0000,31003.0000,30637.0000,30783.0000,166880.00,0
2018-06-14,30604.0000,30740.0000,30270.0000,30485.0000,215070.00,0
2018-06-15,30420.0000,30486.0000,30024.0000,30065.0000,207800.00,0
2018-06-19,29882.0000,29927.0000,29267.0000,29500.0000,285406.00,0
2018-06-20,29478.0000,29969.0000,29343.0000,29687.0000,261170.00,0
2018-06-21,29720.0000,29860.0000,29007.0000,29018.0000,282801.00,0
2018-06-22,29043.0000,29437.0000,29043.0000,29397.0000,243923.00,0
2018-06-25,29417.0000,29453.0000,28647.0000,28751.0000,281371.00,0
2018-06-26,28899.0000,29033.0000,28476.0000,28965.0000,315290.00,0
2018-06-27,28999.0000,29047.0000,28275.0000,28523.0000,225961.00,0
2018-06-28,28370.0000,28526.0000,28302.0000,28401.0000,16676.00,0
2018-06-29,28263.0000,28765.0000,28249.0000,28644.0000,212788.00,0